{
"type": "FeatureCollection",
"name": "sido_boundaries",
"crs": { "type": "name", "properties": { "name": "urn:ogc:def:crs:OGC:1.3:CRS84" } },
"features": [
{ "type": "Feature", "properties": { "sido": "서울", "code": "11", "name_eng": "Seoul" }, "geometry": { "type": "Polygon", "coordinates": [ [ [ 127.022148290719954, 37.699720822017397 ], [ 127.051798136343095, 37.685814846486799 ], [ 127.063386313191799, 37.694921883623124 ], [ 127.095995960589832, 37.689071046906577 ], [ 127.092694499767404, 37.648579993514872 ], [ 127.111257283988508, 37.642375333926829 ], [ 127.104066219595808, 37.621653113889963 ], [ 127.118095121465572, 37.605472424252383 ], [ 127.101143513875243, 37.576070928937298 ], [ 127.104929288450236, 37.556421585556336 ], [ 127.177154828638763, 37.581200328033027 ], [ 127.183539171541767, 37.54517039495601 ], [ 127.163162730909207, 37.54499101097656 ], [ 127.145780939776614, 37.521941375307804 ], [ 127.14113191237908, 37.505463776628808 ], [ 127.161431088670952, 37.50002247972045 ], [ 127.147145331701211, 37.477221798979613 ], [ 127.053458320046033, 37.428808587298057 ], [ 127.035573725992464, 37.439004097845434 ], [ 127.031921765684672, 37.465518883534436 ], [ 127.015064996532701, 37.454831883545239 ], [ 126.996985544526993, 37.46717971600085 ], [ 126.940220160507451, 37.435712372117251 ], [ 126.928398693738032, 37.450212485076534 ], [ 126.906634491722528, 37.433596943401639 ], [ 126.86950267732847, 37.494328401837201 ], [ 126.845033238973471, 37.473558917527328 ], [ 126.814656049388461, 37.474760190941659 ], [ 126.823267892202225, 37.487907644447304 ], [ 126.81301232122506, 37.496400259045714 ], [ 126.826990508589049, 37.508526440253718 ], [ 126.82211888581962, 37.540677284983985 ], [ 126.794423742388801, 37.535832650042664 ], [ 126.764483958988777, 37.555369395356436 ], [ 126.800738749569604, 37.587839732882806 ], [ 126.799940964393201, 37.602544661349356 ], [ 126.853631777376066, 37.571790567151005 ], [ 126.876260485391612, 37.578185234775852 ], [ 126.885261865430749, 37.593889672213628 ], [ 126.899643661887509, 37.589816891027112 ], [ 126.904810164708238, 37.649128044087078 ], [ 126.947510965058328, 37.659185376702318 ], [ 126.958418418810041, 37.629469751502647 ], [ 126.975369075816232, 37.631698170957911 ], [ 126.99219764542363, 37.67962696011196 ], [ 127.022148290719954, 37.699720822017397 ] ] ] } },
{ "type": "Feature", "properties": { "sido": "부산", "code": "21", "name_eng": "Busan" }, "geometry": { "type": "MultiPolygon", "coordinates": [ [ [ [ 128.811514884771441, 35.077584863195518 ], [ 128.835160251979346, 35.086407885892896 ], [ 128.832642982227156, 35.057851734403123 ], [ 128.845786519511364, 35.059458022508402 ], [ 128.851199254253089, 35.042052412490868 ], [ 128.828532045483854, 34.988619483269638 ], [ 128.818173965999279, 35.004335834306744 ], [ 128.82723089918349, 35.013618502845951 ], [ 128.804687760425082, 35.02390447861535 ], [ 128.814957987900613, 35.025241604289171 ], [ 128.812300007721689, 35.039984259208502 ], [ 128.790835349103247, 35.054374380386513 ], [ 128.832390068917647, 35.071316365572656 ], [ 128.811514884771441, 35.077584863195518 ] ] ], [ [ [ 128.965597958954532, 35.032438943666364 ], [ 128.95603884739333, 35.106438780592875 ], [ 128.932074530073038, 35.073802730731494 ], [ 128.933134771531769, 35.110323336280139 ], [ 128.930190655846957, 35.092722253852862 ], [ 128.895225839875764, 35.078926124155231 ], [ 128.905627208952836, 35.118056439582602 ], [ 128.897627496854284, 35.120289816109505 ], [ 128.884162281355827, 35.079329698709962 ], [ 128.870787832967011, 35.088650053971755 ], [ 128.838885463230895, 35.082058819368605 ], [ 128.835196562910852, 35.088418520728993 ], [ 128.820687055355762, 35.097022951296395 ], [ 128.841700484799702, 35.105989582474656 ], [ 128.837756775790581, 35.123985310469308 ], [ 128.8021323137244, 35.141901545161289 ], [ 128.79451966517118, 35.158537933875813 ], [ 128.867386366296188, 35.167714865704738 ], [ 128.865182484797373, 35.158185882830615 ], [ 128.876307795783561, 35.151683590764478 ], [ 128.881680890530077, 35.182203560232864 ], [ 128.870354811908811, 35.201558716414119 ], [ 128.878987631053661, 35.209994551079795 ], [ 128.989701245483218, 35.231676264740301 ], [ 129.013484330974507, 35.273758612416806 ], [ 129.047498526634513, 35.274213578120545 ], [ 129.058361908977702, 35.294835534048794 ], [ 129.10856197617116, 35.304580640020433 ], [ 129.134587290199391, 35.351450825138201 ], [ 129.11817629158179, 35.369034610056609 ], [ 129.176139781112369, 35.351398009021807 ], [ 129.198762468093207, 35.366496417888968 ], [ 129.199367718375981, 35.389037449161528 ], [ 129.218536288103991, 35.378954790651797 ], [ 129.265522132482374, 35.387144291293332 ], [ 129.282231404130243, 35.36532477229855 ], [ 129.27966242511414, 35.341370648744757 ], [ 129.299937731194348, 35.335968314155402 ], [ 129.304828765345007, 35.329886023710557 ], [ 129.305749476954674, 35.324624445102536 ], [ 129.261979865611721, 35.315444419386218 ], [ 129.255596308390921, 35.274837423120921 ], [ 129.2339564684126, 35.262208801647049 ], [ 129.252138622356654, 35.260212952303533 ], [ 129.253429310483824, 35.246450095725706 ], [ 129.239286063860135, 35.221176041374946 ], [ 129.22725612754698, 35.224289743616708 ], [ 129.224096252724991, 35.185816158323242 ], [ 129.200901751197478, 35.179446952289645 ], [ 129.181723761562182, 35.154833953390842 ], [ 129.149957494717228, 35.151367377186929 ], [ 129.133908478669554, 35.162425399561805 ], [ 129.118451372491791, 35.152592662228692 ], [ 129.108917325098105, 35.132844679961707 ], [ 129.122431658276469, 35.132062524740029 ], [ 129.127992758611583, 35.110797343957444 ], [ 129.109450725186122, 35.091539327660378 ], [ 129.110604397091237, 35.100672173419689 ], [ 129.105096423914603, 35.091941421486524 ], [ 129.099632701290545, 35.091183467677958 ], [ 129.095206016064537, 35.093880307219109 ], [ 129.092962059685391, 35.109273790809908 ], [ 129.090354255371693, 35.103617870816706 ], [ 129.074992774929314, 35.103624288999903 ], [ 129.065512508356306, 35.109146916737792 ], [ 129.073795448588527, 35.116767067667837 ], [ 129.06553886070003, 35.128999340232191 ], [ 129.056069867188313, 35.118027940021634 ], [ 129.052683035430874, 35.12570835003514 ], [ 129.055326472444648, 35.116020299662182 ], [ 129.02524256651634, 35.093514766415758 ], [ 129.0156415148912, 35.053216525227676 ], [ 129.002520694498799, 35.086228223538896 ], [ 128.992633808673645, 35.080146458351258 ], [ 129.006979884530921, 35.048947351784086 ], [ 128.972784643390867, 35.056876749382013 ], [ 128.982756087383308, 35.051420387083667 ], [ 128.965597958954532, 35.032438943666364 ] ], [ [ 129.098825161694066, 35.095392551783277 ], [ 129.101516656260401, 35.091643659595398 ], [ 129.103262553535984, 35.093426158235943 ], [ 129.098825161694066, 35.095392551783277 ] ] ] ] } },
{ "type": "Feature", "properties": { "sido": "대구", "code": "22", "name_eng": "Daegu" }, "geometry": { "type": "Polygon", "coordinates": [ [ [ 128.696041283652391, 36.015573348327486 ], [ 128.726877926216645, 36.003227909723115 ], [ 128.746210255326559, 35.972868627867598 ], [ 128.736708799728035, 35.929574029297612 ], [ 128.756936595464225, 35.912683634442629 ], [ 128.761332232399269, 35.887521400852719 ], [ 128.750751696353291, 35.857508731974981 ], [ 128.721874094527777, 35.85694779416847 ], [ 128.725079727588934, 35.836158570562766 ], [ 128.708637346926537, 35.826567938582393 ], [ 128.717520613895829, 35.806847078473346 ], [ 128.682501967304347, 35.790131300958038 ], [ 128.69096425387977, 35.730888835812451 ], [ 128.623997473040703, 35.702296705192076 ], [ 128.612434666692536, 35.738518904838756 ], [ 128.564767187620447, 35.736762490424951 ], [ 128.527904867495096, 35.712740795219162 ], [ 128.53179903886641, 35.683334118239223 ], [ 128.507551189128804, 35.672857714877658 ], [ 128.506236212352519, 35.639556971440939 ], [ 128.446476018173882, 35.638413610095569 ], [ 128.412998708047184, 35.616558074230092 ], [ 128.371363116240161, 35.609414471724548 ], [ 128.401460413546971, 35.639015230255005 ], [ 128.358230424270744, 35.68079352012515 ], [ 128.351796747115543, 35.704015638143211 ], [ 128.41220175681832, 35.695841901148995 ], [ 128.432146628389006, 35.704894546623642 ], [ 128.431815913099086, 35.725598100156247 ], [ 128.383469272500179, 35.760086848407774 ], [ 128.420829515983883, 35.809354574954767 ], [ 128.470433155250703, 35.805922336109312 ], [ 128.482755795646369, 35.815936748021997 ], [ 128.481083037787414, 35.83013312808022 ], [ 128.450001558642782, 35.84665686952372 ], [ 128.383510174053896, 35.85283465134426 ], [ 128.398976687982042, 35.899926525061723 ], [ 128.454155274638282, 35.943149437738512 ], [ 128.476418867156269, 35.934439337178148 ], [ 128.468379043352627, 35.899470833146715 ], [ 128.501494070537376, 35.886765915631514 ], [ 128.534375078262173, 35.935333871197528 ], [ 128.528789197273426, 35.980381841465707 ], [ 128.55333081424817, 35.960780378289869 ], [ 128.618669654450912, 36.006411645288516 ], [ 128.696041283652391, 36.015573348327486 ] ] ] } },
{ "type": "Feature", "properties": { "sido": "인천", "code": "23", "name_eng": "Incheon" }, "geometry": { "type": "MultiPolygon", "coordinates": [ [ [ [ 126.482606829936913, 37.243225636285139 ], [ 126.482699826583953, 37.243193603398161 ], [ 126.483265493258259, 37.241873345388186 ], [ 126.482606829936913, 37.243225636285139 ] ] ], [ [ [ 126.107984744247204, 37.272310299120392 ], [ 126.117712828371481, 37.24786285665617 ], [ 126.165743369736632, 37.23065982768945 ], [ 126.143593916678427, 37.2224769544192 ], [ 126.147512098555111, 37.21381474362709 ], [ 126.117346040647718, 37.209182709182734 ], [ 126.10245381009247, 37.229934966282343 ], [ 126.084730979305348, 37.221858564299218 ], [ 126.107984744247204, 37.272310299120392 ] ] ], [ [ [ 126.482074950415878, 37.244188262338547 ], [ 126.458812425082485, 37.224048528902898 ], [ 126.432588169245022, 37.232467697666571 ], [ 126.433960865681343, 37.274252854115609 ], [ 126.487795577274397, 37.283194878630255 ], [ 126.501843773315215, 37.258051895713649 ], [ 126.476229030557747, 37.253496717358772 ], [ 126.482074950415878, 37.244188262338547 ] ] ], [ [ [ 126.502760400538435, 37.530789626392007 ], [ 126.564863958673001, 37.514370799072978 ], [ 126.582417561710315, 37.489193558681187 ], [ 126.506314401932286, 37.465708204663414 ], [ 126.442315064342893, 37.420833053487108 ], [ 126.418859180952836, 37.42192350570263 ], [ 126.395139653346575, 37.446060634514012 ], [ 126.380798420036271, 37.434981040681798 ], [ 126.363961411071315, 37.442169842749443 ], [ 126.371604242114287, 37.447183299845541 ], [ 126.359472330648259, 37.473431675588905 ], [ 126.41833047461806, 37.49700443763669 ], [ 126.475759085036344, 37.499718475599849 ], [ 126.494182971313023, 37.507792267882493 ], [ 126.502760400538435, 37.530789626392007 ] ] ], [ [ [ 126.655544980884741, 37.637938388668907 ], [ 126.752182366248945, 37.579714328907869 ], [ 126.793695445176269, 37.581593858784835 ], [ 126.764483959730512, 37.555369396705316 ], [ 126.760144841628161, 37.518005368918523 ], [ 126.741626482719326, 37.508825359870166 ], [ 126.742410762015837, 37.486914440251887 ], [ 126.778197282531394, 37.471794679911177 ], [ 126.780432232904701, 37.454978123877673 ], [ 126.769206099624583, 37.427506039290776 ], [ 126.721448559992069, 37.382574921519264 ], [ 126.68520167854372, 37.386702937707589 ], [ 126.695630990834061, 37.383181118601456 ], [ 126.664610979081488, 37.350000641982689 ], [ 126.654907042284762, 37.347365796963715 ], [ 126.64202194300313, 37.347060283471109 ], [ 126.654079098009049, 37.343610202884271 ], [ 126.580641536581439, 37.337314092433822 ], [ 126.596258410308863, 37.347247266176495 ], [ 126.582908598430862, 37.354839531765222 ], [ 126.65444136018607, 37.355907753175039 ], [ 126.609905208105971, 37.387141484282544 ], [ 126.604055319751936, 37.424341830185107 ], [ 126.632787301656464, 37.426917359203706 ], [ 126.634626563855406, 37.418072745442466 ], [ 126.637331575331615, 37.421171421085056 ], [ 126.634581337723802, 37.430513830104758 ], [ 126.610198462846839, 37.430106458111361 ], [ 126.61172032846855, 37.453979191826427 ], [ 126.594266578807932, 37.438314138301315 ], [ 126.593399939444481, 37.454854888875815 ], [ 126.603216777585928, 37.456743573382013 ], [ 126.59504300257359, 37.456859234862904 ], [ 126.592456843416599, 37.458136439929433 ], [ 126.590923165962138, 37.461954057229278 ], [ 126.624225495224906, 37.457675670315773 ], [ 126.612411928306003, 37.477158424702466 ], [ 126.603737203470388, 37.465637118982251 ], [ 126.595763361218147, 37.473072782960578 ], [ 126.625151577395812, 37.492380663623983 ], [ 126.637738576759091, 37.482311707169174 ], [ 126.627481751179261, 37.493353346637655 ], [ 126.639473142926789, 37.504222095559641 ], [ 126.604556055472912, 37.495878310815556 ], [ 126.596541060362554, 37.548607499500761 ], [ 126.606998463734087, 37.554469740224022 ], [ 126.57484155306976, 37.588349706152044 ], [ 126.625741027313069, 37.602592746919342 ], [ 126.655544980884741, 37.637938388668907 ] ], [ [ 126.65481855974727, 37.355781647806346 ], [ 126.644190376832, 37.347614963428882 ], [ 126.662834477849358, 37.350854585219096 ], [ 126.65481855974727, 37.355781647806346 ] ] ], [ [ [ 125.678097229428502, 37.679328345794474 ], [ 125.716549910908526, 37.674412265615629 ], [ 125.706764762220686, 37.663267683486438 ], [ 125.684244294619319, 37.652824665695064 ], [ 125.678097229428502, 37.679328345794474 ] ] ], [ [ [ 126.329637334348675, 37.746336687838948 ], [ 126.319392546527496, 37.712580361960143 ], [ 126.378977254588008, 37.682327440274044 ], [ 126.340962666171592, 37.644091462257428 ], [ 126.318845470460388, 37.681946720169407 ], [ 126.269352330416567, 37.710653068196621 ], [ 126.28758215127506, 37.713981884808646 ], [ 126.292518984665904, 37.744690445409162 ], [ 126.329637334348675, 37.746336687838948 ] ] ], [ [ [ 124.770551475853665, 37.778494735195217 ], [ 124.765305553936386, 37.766495356318416 ], [ 124.727358036463571, 37.760983371794474 ], [ 124.740693655815633, 37.77816319674676 ], [ 124.770551475853665, 37.778494735195217 ] ] ], [ [ [ 126.266379526318843, 37.815283811850279 ], [ 126.294731729777169, 37.801753009426328 ], [ 126.324289618544341, 37.808196259452167 ], [ 126.331308393092954, 37.789650796699142 ], [ 126.290837056854201, 37.762869281966609 ], [ 126.248269703796836, 37.76560047396562 ], [ 126.232753091030844, 37.751082949898787 ], [ 126.204956921230348, 37.768528300969969 ], [ 126.223220073222777, 37.805036831060733 ], [ 126.266379526318843, 37.815283811850279 ] ] ], [ [ [ 126.438757195148852, 37.82461629248391 ], [ 126.505885372840709, 37.783333843850798 ], [ 126.526421029965036, 37.747615760555931 ], [ 126.512549449197877, 37.716989364898929 ], [ 126.52535266116557, 37.701883643184757 ], [ 126.516945020856099, 37.674743149337267 ], [ 126.532241485583327, 37.665073555428528 ], [ 126.522057057137246, 37.646150665784134 ], [ 126.543958303510223, 37.61836868173684 ], [ 126.520347563383652, 37.610691177220438 ], [ 126.515084268530586, 37.596857423987032 ], [ 126.526198339803813, 37.586643653533052 ], [ 126.517254498246587, 37.580006976157755 ], [ 126.503164744658136, 37.590447351425368 ], [ 126.513527311843632, 37.593498512685422 ], [ 126.512923246401897, 37.599376295790186 ], [ 126.404992999970105, 37.593934081109751 ], [ 126.370071058645848, 37.613498143260173 ], [ 126.37753651389464, 37.619284670432101 ], [ 126.365710208549359, 37.635075292427672 ], [ 126.411037891186794, 37.652054485409003 ], [ 126.391336365503378, 37.695640088548799 ], [ 126.351353092898904, 37.71546776810667 ], [ 126.349508772190731, 37.789714241026076 ], [ 126.386958168193331, 37.807055426909578 ], [ 126.392471605042772, 37.823247476727396 ], [ 126.438757195148852, 37.82461629248391 ] ] ], [ [ [ 124.716092186974066, 37.825599051763582 ], [ 124.716091145950614, 37.825639669570755 ], [ 124.716130735199329, 37.825702144089369 ], [ 124.716092186974066, 37.825599051763582 ] ] ], [ [ [ 124.716092186974066, 37.825599051763582 ], [ 124.717876428811039, 37.813842445588541 ], [ 124.685218992477559, 37.799513470061669 ], [ 124.6839255350896, 37.813860916956635 ], [ 124.662507999859571, 37.821728456281122 ], [ 124.676535690012301, 37.819806901411766 ], [ 124.703385663391785, 37.849687484352827 ], [ 124.727786484282802, 37.840626578663475 ], [ 124.716092186974066, 37.825599051763582 ] ] ], [ [ [ 124.64057494881996, 37.96869933228286 ], [ 124.721798521424219, 37.981546405353889 ], [ 124.746318969045873, 37.959121603759144 ], [ 124.70789957065476, 37.944557661197663 ], [ 124.691283741853965, 37.916585752150759 ], [ 124.639426923797245, 37.923888749333059 ], [ 124.609717678653965, 37.969954531680258 ], [ 124.616820154650739, 37.979534084448638 ], [ 124.64057494881996, 37.96869933228286 ] ] ] ] } },
{ "type": "Feature", "properties": { "sido": "광주", "code": "24", "name_eng": "Gwangju" }, "geometry": { "type": "Polygon", "coordinates": [ [ [ 126.763384008618317, 35.256519223483849 ], [ 126.755259108174343, 35.234361236726507 ], [ 126.805390432725218, 35.218274978769792 ], [ 126.879581285768253, 35.25152155992977 ], [ 126.929372104166546, 35.252414834705007 ], [ 126.965535656643326, 35.203359545064011 ], [ 126.958624253659593, 35.193088686612043 ], [ 126.968147156731007, 35.181142731714367 ], [ 126.99996890912233, 35.188816095062705 ], [ 127.021416483488068, 35.173038000142206 ], [ 127.007743482463553, 35.155928691381106 ], [ 127.011300210095243, 35.125557226649605 ], [ 126.989205332150902, 35.109877424737469 ], [ 126.988950692854459, 35.094987588422661 ], [ 126.951882079564371, 35.073156611218195 ], [ 126.932296201184215, 35.074392322342121 ], [ 126.918028414067564, 35.091523238045454 ], [ 126.855609249879763, 35.078359530512316 ], [ 126.807314500502457, 35.051020299465648 ], [ 126.795227677324519, 35.061122152072969 ], [ 126.756737217371708, 35.058244414425651 ], [ 126.754138452195818, 35.066851557716369 ], [ 126.771346363299401, 35.070183313028792 ], [ 126.732656039406848, 35.112855427861938 ], [ 126.667472424857536, 35.10512452924236 ], [ 126.644977611866324, 35.146555548919231 ], [ 126.672116731176772, 35.173089757398344 ], [ 126.653203931920004, 35.192518027362354 ], [ 126.67711746793583, 35.191046787887757 ], [ 126.687053425774764, 35.215194054107862 ], [ 126.717694871280898, 35.212389663241218 ], [ 126.737240233040367, 35.252885387596798 ], [ 126.763384008618317, 35.256519223483849 ] ] ] } },
{ "type": "Feature", "properties": { "sido": "대전", "code": "25", "name_eng": "Daejeon" }, "geometry": { "type": "Polygon", "coordinates": [ [ [ 127.398922407764033, 36.489104663588734 ], [ 127.407455363954924, 36.454805219451387 ], [ 127.451330583205205, 36.449253151398544 ], [ 127.484032674495523, 36.476617493974196 ], [ 127.478278455716477, 36.457280591060957 ], [ 127.50445580208293, 36.451896934346173 ], [ 127.489721478918611, 36.434125179414657 ], [ 127.501554577129141, 36.408653814606645 ], [ 127.524319376908181, 36.423431839869579 ], [ 127.559678992461556, 36.398218889497727 ], [ 127.524934512995685, 36.387506564046014 ], [ 127.522395519277694, 36.354324836788351 ], [ 127.500558608540103, 36.339294226634934 ], [ 127.489969847624607, 36.233482076402332 ], [ 127.44110168672259, 36.194786779977925 ], [ 127.387342897543178, 36.234152459788078 ], [ 127.389780175338728, 36.262783079276097 ], [ 127.362922201693777, 36.269115126623134 ], [ 127.364529554323084, 36.219814721334807 ], [ 127.334031504896984, 36.183100058498177 ], [ 127.315261222686971, 36.22128808619496 ], [ 127.281839822776263, 36.235803039314469 ], [ 127.291750875277984, 36.264688171668006 ], [ 127.246652996513518, 36.290959629730615 ], [ 127.259848591785257, 36.295654321279983 ], [ 127.259766333637529, 36.327248149161868 ], [ 127.279118072888508, 36.344822371453184 ], [ 127.270569157222354, 36.360857710381033 ], [ 127.282123712402409, 36.414612029871442 ], [ 127.341005404197176, 36.430969122161748 ], [ 127.358621369306505, 36.455895568108893 ], [ 127.360151255929949, 36.488527147353878 ], [ 127.38385508731686, 36.500230631515073 ], [ 127.398922407764033, 36.489104663588734 ] ] ] } },
{ "type": "Feature", "properties": { "sido": "울산", "code": "26", "name_eng": "Ulsan" }, "geometry": { "type": "Polygon", "coordinates": [ [ [ 129.142046663169509, 35.724349688391975 ], [ 129.207104520359735, 35.721420123555497 ], [ 129.25685043744312, 35.700703366193331 ], [ 129.25550370582053, 35.660455676727985 ], [ 129.296422908249923, 35.643512441907056 ], [ 129.353558726157814, 35.679380230636397 ], [ 129.449787040188085, 35.651069277004076 ], [ 129.441053779842662, 35.631924000142199 ], [ 129.464656119584333, 35.586405110405302 ], [ 129.452673829475771, 35.578351983357123 ], [ 129.45351150671226, 35.528077137134773 ], [ 129.438745809068479, 35.528584205441412 ], [ 129.4391642865736, 35.519845869952007 ], [ 129.449939171146212, 35.524811944372864 ], [ 129.447689378529446, 35.508958403213953 ], [ 129.432827620042417, 35.510967737534763 ], [ 129.443553700959626, 35.502620639312966 ], [ 129.432123410625053, 35.493385427753779 ], [ 129.444938722307029, 35.492115975116938 ], [ 129.406169375008062, 35.472045990500597 ], [ 129.408439666061923, 35.49325508684224 ], [ 129.376649524466558, 35.537993611797866 ], [ 129.372442416567623, 35.523611722453701 ], [ 129.387404376672805, 35.501878177111891 ], [ 129.363204371344011, 35.50417673473828 ], [ 129.379317308654976, 35.49987570095233 ], [ 129.390865590394128, 35.485954025225446 ], [ 129.391096137656177, 35.478290657407086 ], [ 129.388934819045232, 35.487510147172102 ], [ 129.363022831322439, 35.460401609046627 ], [ 129.3686870769682, 35.454235008144479 ], [ 129.354512718433739, 35.459193361143569 ], [ 129.3504697635112, 35.46832818475864 ], [ 129.337666754531341, 35.4821389075206 ], [ 129.331156490733292, 35.485551013006351 ], [ 129.359786279628565, 35.447911729394185 ], [ 129.355228325898111, 35.438262920742197 ], [ 129.369453157651435, 35.448985789846176 ], [ 129.373641571719673, 35.431238550847581 ], [ 129.352767017812056, 35.426887722447461 ], [ 129.364217034710578, 35.424809370366745 ], [ 129.362608108535596, 35.406510828606223 ], [ 129.344588611297354, 35.378103964405433 ], [ 129.360849819608546, 35.357210478052885 ], [ 129.335326903212092, 35.355983842536403 ], [ 129.311579420926847, 35.329500530437237 ], [ 129.279662425297857, 35.341370647560346 ], [ 129.282231404557933, 35.365324771799031 ], [ 129.265522132751869, 35.387144290679082 ], [ 129.21853628725367, 35.378954790238481 ], [ 129.201169891881364, 35.387781676609578 ], [ 129.219071995926356, 35.407684455027358 ], [ 129.196977919393817, 35.438888440779699 ], [ 129.165645595628945, 35.432120163968982 ], [ 129.121766064470876, 35.463442698789031 ], [ 129.105267574429774, 35.496465131922704 ], [ 129.052630368483591, 35.514472462067815 ], [ 129.055823212520352, 35.532267527364667 ], [ 128.995392386100235, 35.52782439286851 ], [ 128.996591118779293, 35.544035287058293 ], [ 128.972367734973147, 35.557122638941451 ], [ 129.022754887631464, 35.591264957910923 ], [ 129.023018417212086, 35.613439429053642 ], [ 129.006064625646161, 35.623457668197588 ], [ 129.03696705820343, 35.632461729467401 ], [ 129.046901080736433, 35.650517607183957 ], [ 129.080854799581175, 35.64325313510232 ], [ 129.067153488735016, 35.671346468842138 ], [ 129.080464883161596, 35.695904867512667 ], [ 129.136778270474679, 35.712864582258305 ], [ 129.142046663169509, 35.724349688391975 ] ] ] } },
{ "type": "Feature", "properties": { "sido": "세종", "code": "29", "name_eng": "Sejongsi" }, "geometry": { "type": "Polygon", "coordinates": [ [ [ 127.172056614124344, 36.730815631486799 ], [ 127.203122375570231, 36.726149124780648 ], [ 127.248024514491235, 36.695068305319602 ], [ 127.304147339887919, 36.685025595362248 ], [ 127.30509046856865, 36.667569851847766 ], [ 127.275650456460326, 36.639803673468904 ], [ 127.292158945394547, 36.635640196430295 ], [ 127.306601586505721, 36.600938216091251 ], [ 127.299561709576722, 36.586327012101876 ], [ 127.321440273626436, 36.583777982185858 ], [ 127.338085185662649, 36.562343274158216 ], [ 127.377548794933048, 36.567828929991528 ], [ 127.383884376519745, 36.541532740634004 ], [ 127.405012663249977, 36.537311007177806 ], [ 127.408601129939839, 36.523691183768229 ], [ 127.397635021862186, 36.520578282593021 ], [ 127.41056225499473, 36.496278409176426 ], [ 127.360151255551003, 36.488527146992823 ], [ 127.358621368927714, 36.455895567747838 ], [ 127.329149102321026, 36.423321487588908 ], [ 127.250795706219435, 36.406758401447782 ], [ 127.198934511270949, 36.439883817017197 ], [ 127.194675499180946, 36.489593598389717 ], [ 127.177053835276794, 36.492603973192097 ], [ 127.169989703196734, 36.509037913937988 ], [ 127.182348729583083, 36.521438080634518 ], [ 127.174240555879408, 36.542189517761877 ], [ 127.191826862526625, 36.546025390608548 ], [ 127.207751324833069, 36.57795949419198 ], [ 127.155883739075506, 36.606011031438442 ], [ 127.161444904481215, 36.69021863045527 ], [ 127.141748936249215, 36.689983826835466 ], [ 127.127733911086608, 36.708519792042807 ], [ 127.172056614124344, 36.730815631486799 ] ] ] } },
{ "type": "Feature", "properties": { "sido": "경기", "code": "31", "name_eng": "Gyeonggi-do" }, "geometry": { "type": "MultiPolygon", "coordinates": [ [ [ [ 126.742684382580819, 37.038001035722417 ], [ 126.742676787774741, 37.038001059318994 ], [ 126.742516055920518, 37.038079078216285 ], [ 126.742684382580819, 37.038001035722417 ] ] ], [ [ [ 126.794597182695824, 37.026475383892915 ], [ 126.745284938973356, 37.037992567020467 ], [ 126.756680902106254, 37.055455801258688 ], [ 126.67415286015833, 37.117160116723184 ], [ 126.684718541975002, 37.119137786844455 ], [ 126.679569800228208, 37.143143420043216 ], [ 126.660296031490532, 37.137992993871109 ], [ 126.696212376547663, 37.151049061691495 ], [ 126.682514996138096, 37.160470641769415 ], [ 126.649821234109524, 37.154639582556591 ], [ 126.661087544281941, 37.162993061987358 ], [ 126.653604114796224, 37.181042098286348 ], [ 126.669917325646139, 37.189235320913014 ], [ 126.649608548827672, 37.183537946117262 ], [ 126.6608683251618, 37.220919965042889 ], [ 126.647838102737708, 37.244020780415873 ], [ 126.653831119548698, 37.269429564195299 ], [ 126.632732844835147, 37.286979893701456 ], [ 126.646448074074499, 37.278546953799392 ], [ 126.661368867908877, 37.291381099560816 ], [ 126.647962858656939, 37.29256558057304 ], [ 126.633163602662236, 37.288888798853051 ], [ 126.629333237625872, 37.284906804153472 ], [ 126.632916787680259, 37.289070609578161 ], [ 126.647553318872767, 37.292720401848612 ], [ 126.661696048046551, 37.292546936218947 ], [ 126.661757915700349, 37.277906623276166 ], [ 126.684199683057699, 37.281003488179508 ], [ 126.671956085125132, 37.273182562809296 ], [ 126.679617226442033, 37.257197781818483 ], [ 126.756265257954226, 37.254308553237593 ], [ 126.78297159043521, 37.229748399404777 ], [ 126.790661492270146, 37.267086921726062 ], [ 126.811220561229192, 37.267628356299184 ], [ 126.80475546648745, 37.293703701912783 ], [ 126.842770835955321, 37.267233939829474 ], [ 126.838102511073103, 37.276129408905874 ], [ 126.816802399751168, 37.298043417340509 ], [ 126.767639713964101, 37.292531024187575 ], [ 126.671278395838328, 37.32903309500179 ], [ 126.616175141602341, 37.313772892284305 ], [ 126.578048141564736, 37.292818813456108 ], [ 126.624259664039769, 37.264047669773589 ], [ 126.636787532607414, 37.272396470884651 ], [ 126.642971663739345, 37.269022761131907 ], [ 126.639284975777031, 37.264473866050714 ], [ 126.641483502010402, 37.26259590477116 ], [ 126.639599749919782, 37.264673980853182 ], [ 126.643548489979253, 37.267671709901862 ], [ 126.642680168671191, 37.271313363721084 ], [ 126.631167242978194, 37.280942162124823 ], [ 126.641981520471262, 37.272838536048035 ], [ 126.643558757076732, 37.269968086757018 ], [ 126.643951677239457, 37.266657555427777 ], [ 126.63687536296726, 37.253624010540015 ], [ 126.6546079528013, 37.2250702595096 ], [ 126.65277973201907, 37.199752228890581 ], [ 126.645049395785776, 37.192245206949231 ], [ 126.646799812499893, 37.211016032294843 ], [ 126.629459942013824, 37.218269241654184 ], [ 126.626048608726805, 37.202398701946066 ], [ 126.622039581164245, 37.23618844263919 ], [ 126.588350579497146, 37.233319290811551 ], [ 126.615203337277322, 37.209453928492742 ], [ 126.59536340099271, 37.198347438301624 ], [ 126.601296680967053, 37.221455225641044 ], [ 126.57600349401099, 37.220775646841112 ], [ 126.562430241317372, 37.192962980301601 ], [ 126.544647264081647, 37.205985865446053 ], [ 126.557106080922779, 37.217907126127805 ], [ 126.540781302547572, 37.228765651377785 ], [ 126.569289366550436, 37.236985309044712 ], [ 126.55864305606211, 37.26679737639278 ], [ 126.532907044516548, 37.289079577348275 ], [ 126.561673409351016, 37.277338884990471 ], [ 126.577203201402412, 37.290149683736857 ], [ 126.571747297844297, 37.297765951113988 ], [ 126.577853257200772, 37.293096021336538 ], [ 126.607345434188758, 37.313182134213413 ], [ 126.690361263562934, 37.335255084936186 ], [ 126.688505938400084, 37.348756441578949 ], [ 126.730972006311447, 37.386568705660885 ], [ 126.742011630095277, 37.382566650093636 ], [ 126.733915983285854, 37.389077537000027 ], [ 126.743928809283304, 37.398361005700949 ], [ 126.777041919236538, 37.391868600641104 ], [ 126.779864427802039, 37.394808550927301 ], [ 126.784269976960744, 37.391594486517292 ], [ 126.79156678759206, 37.393114292120536 ], [ 126.787846939007963, 37.407764132203276 ], [ 126.784476270113757, 37.392141456680712 ], [ 126.780138061625266, 37.395234117822604 ], [ 126.766480048510715, 37.39496329893111 ], [ 126.749004437529479, 37.403587692769605 ], [ 126.780432232904701, 37.454978123877673 ], [ 126.778197282531394, 37.471794679911177 ], [ 126.742410762015837, 37.486914440251887 ], [ 126.741626482719326, 37.508825359870166 ], [ 126.760144841628161, 37.518005368918523 ], [ 126.766204357429828, 37.554242375671947 ], [ 126.794423743041264, 37.535832651284323 ], [ 126.82211888561298, 37.540677285570077 ], [ 126.82699050942098, 37.508526439632782 ], [ 126.813012320847875, 37.49640025944332 ], [ 126.823267892079372, 37.487907643842945 ], [ 126.814656048938133, 37.474760192221723 ], [ 126.84503323891856, 37.473558916968244 ], [ 126.869502678144784, 37.494328402356672 ], [ 126.902987576318537, 37.434067619565134 ], [ 126.928398694612298, 37.450212485512239 ], [ 126.940220161280862, 37.435712373339335 ], [ 126.962942930350152, 37.440280458105129 ], [ 127.003675358646277, 37.467720386831402 ], [ 127.014509617549407, 37.454861228966422 ], [ 127.034603141761082, 37.46417394090841 ], [ 127.035573726616761, 37.439004097190512 ], [ 127.065698008207789, 37.429158102643306 ], [ 127.157402068097397, 37.489088541958239 ], [ 127.161219492125582, 37.500395273600176 ], [ 127.13996581231865, 37.50864088423144 ], [ 127.16316273049847, 37.544991011567085 ], [ 127.183539172302602, 37.545170395642167 ], [ 127.177154828180505, 37.581200327309283 ], [ 127.104929289739204, 37.556421585993014 ], [ 127.101143514942692, 37.576070929288768 ], [ 127.118095122312809, 37.60547242448591 ], [ 127.1040662194942, 37.621653115073684 ], [ 127.111257283663761, 37.642375334188237 ], [ 127.092694500968932, 37.648579994625621 ], [ 127.095995960181369, 37.689071047239835 ], [ 127.063386312849985, 37.694921884841989 ], [ 127.051798136011399, 37.68581484765464 ], [ 127.027022192537544, 37.701115407080692 ], [ 126.992197645078676, 37.679626961465289 ], [ 126.979658391549933, 37.656038645467248 ], [ 126.985855326808419, 37.640610039584928 ], [ 126.975369075475101, 37.631698172075311 ], [ 126.958418418434988, 37.629469752683228 ], [ 126.947510964905575, 37.659185377273914 ], [ 126.904810164249696, 37.649128045343637 ], [ 126.899643661392844, 37.58981689131172 ], [ 126.885261866431037, 37.593889672699611 ], [ 126.853631778169017, 37.571790568407181 ], [ 126.802581401294788, 37.605032751315271 ], [ 126.793695445176269, 37.581593858784835 ], [ 126.752182366248945, 37.579714328907869 ], [ 126.657422097303112, 37.637954861481397 ], [ 126.625741027313069, 37.602592746919342 ], [ 126.59155603569161, 37.593032651197369 ], [ 126.57795102538347, 37.605006154298131 ], [ 126.559834893431088, 37.601141697107316 ], [ 126.531483678709151, 37.654800482245967 ], [ 126.544159926244845, 37.662922971365226 ], [ 126.526826946903043, 37.674251698534135 ], [ 126.530995468098453, 37.74823708719866 ], [ 126.517997694319121, 37.777068945574349 ], [ 126.522783173228177, 37.790098159781465 ], [ 126.593772565768234, 37.761156395381455 ], [ 126.625502560915791, 37.779136779648553 ], [ 126.662622506548928, 37.780699843890119 ], [ 126.671352436417834, 37.834779305852024 ], [ 126.659323244143906, 37.840303228556202 ], [ 126.679574658708802, 37.84603034588649 ], [ 126.69212941167892, 37.868506424127339 ], [ 126.672588248314156, 37.870124693553869 ], [ 126.682776664275096, 37.91286049391227 ], [ 126.665996397465392, 37.919060890010577 ], [ 126.670990270236473, 37.955177723409385 ], [ 126.703714895659019, 37.974840772133767 ], [ 126.73687780418976, 37.966035537103863 ], [ 126.816844705336251, 38.002586325129229 ], [ 126.826001806344721, 38.024237092185132 ], [ 126.855409141374196, 38.032088228616296 ], [ 126.852534661201105, 38.053102984010962 ], [ 126.869569276103192, 38.077765469165008 ], [ 126.856069572539027, 38.099660911886986 ], [ 126.862369514807227, 38.108329221207619 ], [ 126.9047031626029, 38.137892708715917 ], [ 126.927851590584041, 38.127313630519318 ], [ 126.966406008632887, 38.137390519440743 ], [ 126.949435327796692, 38.162341602052358 ], [ 126.965597992542968, 38.171102539709707 ], [ 126.981744521198166, 38.227345028384406 ], [ 127.004712475487679, 38.221510384148303 ], [ 127.041796226336501, 38.259112345516044 ], [ 127.103211451106404, 38.280787505965257 ], [ 127.112345621828027, 38.238140883013855 ], [ 127.163293602038053, 38.238481375096853 ], [ 127.159713725924519, 38.21954632369831 ], [ 127.189241539339974, 38.188227414828226 ], [ 127.188931533757454, 38.161819400717818 ], [ 127.219192958725472, 38.139064608045977 ], [ 127.283133301317193, 38.182902320143604 ], [ 127.297989885460126, 38.175202908960252 ], [ 127.275813339991231, 38.12417576523417 ], [ 127.309528216025598, 38.118275679909274 ], [ 127.320670328356726, 38.094683769235438 ], [ 127.336958385377841, 38.089768547492092 ], [ 127.378613760282491, 38.118428958490156 ], [ 127.413408496549962, 38.102012595047022 ], [ 127.430930108485825, 38.115362078926495 ], [ 127.445167493805172, 38.097469667758716 ], [ 127.444583727506043, 38.05726067603937 ], [ 127.461543352853894, 38.012853783760669 ], [ 127.503922526436781, 37.997953292963871 ], [ 127.53987715445993, 38.00056775508817 ], [ 127.545225248864, 37.967731801378271 ], [ 127.602444780251972, 37.954998571448343 ], [ 127.616583965135504, 37.928265647705786 ], [ 127.605849412373288, 37.876492196870473 ], [ 127.577886541769232, 37.874014367745048 ], [ 127.524802601310341, 37.829671865615616 ], [ 127.537354459954088, 37.810540567783974 ], [ 127.520814497044682, 37.792543124088752 ], [ 127.544880086735859, 37.760074591423695 ], [ 127.507067171223824, 37.720593877226861 ], [ 127.556602172929047, 37.729226600416013 ], [ 127.561862696309078, 37.720071675906986 ], [ 127.552815885237536, 37.661528346458532 ], [ 127.537936897521405, 37.641478391006586 ], [ 127.559402449621004, 37.62849660332715 ], [ 127.606216124207435, 37.650793580912335 ], [ 127.663845457933093, 37.623796480671416 ], [ 127.707895034039581, 37.586353111204602 ], [ 127.794080224833095, 37.585254629928656 ], [ 127.848113140789962, 37.550333879310323 ], [ 127.759904724493808, 37.50326630361554 ], [ 127.76003488043618, 37.492890728730139 ], [ 127.800484206972527, 37.471250948518886 ], [ 127.804005900729521, 37.428849286876385 ], [ 127.778936298620096, 37.37077132147283 ], [ 127.759482489216822, 37.36729107325516 ], [ 127.768319851481976, 37.306693222706826 ], [ 127.749882550754634, 37.297159472364228 ], [ 127.760484622739369, 37.272900670493314 ], [ 127.748934963236707, 37.218335894720212 ], [ 127.69548408708954, 37.140422142537801 ], [ 127.670212496450489, 37.136108011185236 ], [ 127.62831455897684, 37.155286385047823 ], [ 127.634530725890585, 37.099831507709936 ], [ 127.595107863048668, 37.08799279343031 ], [ 127.604718367990415, 37.068779418209424 ], [ 127.577976747624604, 37.075341042541154 ], [ 127.556834365480242, 37.041246882761072 ], [ 127.518261386072723, 37.058397072710299 ], [ 127.499842642531377, 37.047636143731111 ], [ 127.468211712301155, 37.053486510753331 ], [ 127.447088828579453, 37.010885491164615 ], [ 127.392700534946229, 36.997010396215629 ], [ 127.384971892543547, 36.983636682551996 ], [ 127.4015340527299, 36.967678092389519 ], [ 127.375657903361827, 36.948659623441451 ], [ 127.349630560939801, 36.952793621337264 ], [ 127.295633855444478, 36.931286652498891 ], [ 127.303364771341165, 36.916390366679948 ], [ 127.290297666399098, 36.894328200913328 ], [ 127.253131962575097, 36.922436372156618 ], [ 127.210450761855029, 36.930538968093558 ], [ 127.202144015243206, 36.951710662779398 ], [ 127.144483590400839, 36.971140284471112 ], [ 127.111543673009621, 36.971280734244012 ], [ 127.095763942524101, 36.942374323596077 ], [ 127.031040868802691, 36.928089263809788 ], [ 126.995181421025819, 36.935359451825569 ], [ 126.909705278789914, 36.901601846279355 ], [ 126.899230741197556, 36.929901664317313 ], [ 126.849608576829056, 36.946467866654118 ], [ 126.826030139847916, 36.985986784895395 ], [ 126.820806737596001, 36.984755856735511 ], [ 126.812954445810874, 36.987315652774491 ], [ 126.823397996061402, 36.991269182121627 ], [ 126.788947400837401, 36.995188952891404 ], [ 126.778855681525513, 37.007429520008074 ], [ 126.797633140296384, 37.014131028743222 ], [ 126.794597182695824, 37.026475383892915 ] ], [ [ 126.756785471976769, 37.056012243022906 ], [ 126.770890975315197, 37.064387438780734 ], [ 126.761637372595729, 37.068125023461867 ], [ 126.770809673172124, 37.101603876039562 ], [ 126.760409410921909, 37.117926801849059 ], [ 126.816595937222644, 37.143353897345094 ], [ 126.781742756887539, 37.152253873950421 ], [ 126.797813611574128, 37.162332349370651 ], [ 126.800649851408437, 37.196165507078554 ], [ 126.77750148773714, 37.165204569056911 ], [ 126.747167706932885, 37.167582301196134 ], [ 126.726949775127409, 37.138725240712432 ], [ 126.68404696264615, 37.114610189643145 ], [ 126.756785471976769, 37.056012243022906 ] ], [ [ 126.845398916158032, 37.259891021561316 ], [ 126.857437742531275, 37.272665911813661 ], [ 126.864730417134865, 37.272413566422067 ], [ 126.87457105916863, 37.275832881551182 ], [ 126.87530840584806, 37.277399115110967 ], [ 126.85285215093694, 37.272383570532355 ], [ 126.843914131806159, 37.267484993145942 ], [ 126.845398916158032, 37.259891021561316 ] ] ] ] } },
{ "type": "Feature", "properties": { "sido": "강원", "code": "32", "name_eng": "Gangwon-do" }, "geometry": { "type": "MultiPolygon", "coordinates": [ [ [ [ 128.877216517845397, 37.840957265260812 ], [ 128.877224570807527, 37.840988697196131 ], [ 128.877223454557509, 37.840970822234198 ], [ 128.877216517845397, 37.840957265260812 ] ] ], [ [ [ 128.763203653168517, 37.972800253067 ], [ 128.763099537130586, 37.972819100105916 ], [ 128.76320220307673, 37.972805450333638 ], [ 128.763203653168517, 37.972800253067 ] ] ], [ [ [ 128.725440035331133, 38.02378200068209 ], [ 128.725420919300234, 38.023814082044566 ], [ 128.725446623185832, 38.023798736679105 ], [ 128.725440035331133, 38.02378200068209 ] ] ], [ [ [ 128.725440035331133, 38.02378200068209 ], [ 128.790330846883819, 37.933648683171846 ], [ 128.831711950610867, 37.904128640873203 ], [ 128.830235761903253, 37.884172936563985 ], [ 128.87918486242242, 37.829443600195525 ], [ 129.055406499286477, 37.675422114330665 ], [ 129.045940520572572, 37.63538482315392 ], [ 129.115023670577642, 37.578947166788623 ], [ 129.121753496533699, 37.557896740549943 ], [ 129.114730628244814, 37.536184936225141 ], [ 129.14901046169993, 37.497558491081811 ], [ 129.135588999433139, 37.504067320952956 ], [ 129.124409574199262, 37.490688332819062 ], [ 129.144889721187695, 37.496789672496199 ], [ 129.187515356962706, 37.455913838229428 ], [ 129.197649699051169, 37.415818287566495 ], [ 129.257305970304259, 37.379843113655888 ], [ 129.25082049421377, 37.363023233066095 ], [ 129.27034122607634, 37.321592899860079 ], [ 129.329118187743745, 37.280395395196948 ], [ 129.327729559472345, 37.263437046777035 ], [ 129.356654625054603, 37.23565242067626 ], [ 129.341371762029013, 37.225945330926905 ], [ 129.34324567285114, 37.174871931626875 ], [ 129.363942820227834, 37.146244032473994 ], [ 129.324829857626071, 37.14228621872924 ], [ 129.294591624673075, 37.11436511545827 ], [ 129.271238271382032, 37.116380568761841 ], [ 129.225377709111001, 37.073720113342894 ], [ 129.238012437482723, 37.038665310215499 ], [ 129.185409487142635, 37.041719080836351 ], [ 129.166136386654159, 37.069157801843225 ], [ 129.096251125015783, 37.100414653995834 ], [ 129.070420343323178, 37.088222449278042 ], [ 129.057403969097976, 37.065051005660749 ], [ 128.923315526948358, 37.092116952666174 ], [ 128.896419687465595, 37.044515657014045 ], [ 128.846874762865184, 37.051606614995244 ], [ 128.82938357529207, 37.078459060123542 ], [ 128.807871130324543, 37.076004643234235 ], [ 128.780282276080811, 37.092342723138088 ], [ 128.765356077887276, 37.064034530261523 ], [ 128.756552085703504, 37.068631836931125 ], [ 128.762544562600084, 37.037856568512581 ], [ 128.750975898150472, 37.02810180351949 ], [ 128.700403567372376, 37.040827558217373 ], [ 128.62264232384743, 37.087401820182542 ], [ 128.606404562797792, 37.076670233741154 ], [ 128.538130957576129, 37.089627007680626 ], [ 128.496583590283507, 37.125759466287931 ], [ 128.477805924224725, 37.110154915527097 ], [ 128.424700451939287, 37.102464006264405 ], [ 128.384102096446441, 37.157977779912109 ], [ 128.337093102964758, 37.157852428209353 ], [ 128.296234303145866, 37.134107677251002 ], [ 128.264441541742343, 37.16041506456498 ], [ 128.298072802974332, 37.171659401917651 ], [ 128.295623548422526, 37.1832883381907 ], [ 128.326387476415277, 37.197291082776815 ], [ 128.332183445822778, 37.213903226424691 ], [ 128.316585640852111, 37.223390738311323 ], [ 128.268401221607775, 37.207915099821172 ], [ 128.250933330060178, 37.229582362050259 ], [ 128.229243857991065, 37.227566600722696 ], [ 128.207799193268642, 37.248823012730696 ], [ 128.174098610284091, 37.232605058402548 ], [ 128.164480123785609, 37.21345671130031 ], [ 128.125322238965055, 37.234537319013846 ], [ 128.108698866650457, 37.20566886991471 ], [ 128.041073531661027, 37.188990522519966 ], [ 128.018256826964233, 37.24571385769282 ], [ 127.971914835702279, 37.256378362004931 ], [ 127.921724246752248, 37.225382307771042 ], [ 127.936259298133692, 37.188766868810745 ], [ 127.926326991175216, 37.165527349274541 ], [ 127.908633362156422, 37.167124323865174 ], [ 127.898894251337794, 37.149804537891384 ], [ 127.872050038293466, 37.164343972918211 ], [ 127.787828098577762, 37.144236375530326 ], [ 127.757074155872147, 37.169201786077551 ], [ 127.744100655932968, 37.209546979687254 ], [ 127.760192394146031, 37.268250776433909 ], [ 127.749882550754634, 37.297159472364228 ], [ 127.768319851481976, 37.306693222706826 ], [ 127.759482489216822, 37.36729107325516 ], [ 127.778936298620096, 37.37077132147283 ], [ 127.804005900729521, 37.428849286876385 ], [ 127.800484206972527, 37.471250948518886 ], [ 127.76003488043618, 37.492890728730139 ], [ 127.759904724493808, 37.50326630361554 ], [ 127.809580583796972, 37.537862222841852 ], [ 127.842022943665242, 37.538900896513461 ], [ 127.848076171362393, 37.55230202190986 ], [ 127.794080224833095, 37.585254629928656 ], [ 127.707895034039581, 37.586353111204602 ], [ 127.663845457933093, 37.623796480671416 ], [ 127.606216124207435, 37.650793580912335 ], [ 127.579349493053073, 37.632978180739919 ], [ 127.54866881719984, 37.632998872398524 ], [ 127.535655076661186, 37.650694642512008 ], [ 127.552815885237536, 37.661528346458532 ], [ 127.559912077012214, 37.728576644205972 ], [ 127.511800370884657, 37.715715066307162 ], [ 127.506148126064616, 37.724152654973139 ], [ 127.544880086735859, 37.760074591423695 ], [ 127.520814497044682, 37.792543124088752 ], [ 127.537354459954088, 37.810540567783974 ], [ 127.52731687383023, 37.836457968941914 ], [ 127.577886541769232, 37.874014367745048 ], [ 127.605849412373288, 37.876492196870473 ], [ 127.617141232746491, 37.906361893942801 ], [ 127.612065640598544, 37.940599962885678 ], [ 127.600417568213473, 37.956536807938164 ], [ 127.545225248864, 37.967731801378271 ], [ 127.53987715445993, 38.00056775508817 ], [ 127.503922526436781, 37.997953292963871 ], [ 127.461543352853894, 38.012853783760669 ], [ 127.444583727506043, 38.05726067603937 ], [ 127.445167493805172, 38.097469667758716 ], [ 127.430930108485825, 38.115362078926495 ], [ 127.413408496549962, 38.102012595047022 ], [ 127.378613760282491, 38.118428958490156 ], [ 127.336958385377841, 38.089768547492092 ], [ 127.320670328356726, 38.094683769235438 ], [ 127.309528216025598, 38.118275679909274 ], [ 127.275813339991231, 38.12417576523417 ], [ 127.297989885460126, 38.175202908960252 ], [ 127.283133301317193, 38.182902320143604 ], [ 127.219192958725472, 38.139064608045977 ], [ 127.188931533757454, 38.161819400717818 ], [ 127.189241539339974, 38.188227414828226 ], [ 127.159713725924519, 38.21954632369831 ], [ 127.163293602038053, 38.238481375096853 ], [ 127.113569757049419, 38.236818060526346 ], [ 127.110729458083824, 38.270975264190895 ], [ 127.095037321239204, 38.281080767344278 ], [ 127.132153571177, 38.313637572869958 ], [ 127.155472440212876, 38.304026154864722 ], [ 127.242363906915983, 38.333134571459013 ], [ 127.285458602630968, 38.326453029131137 ], [ 127.299502498947291, 38.312913427849935 ], [ 127.381352157134387, 38.337147104427928 ], [ 127.445790658659959, 38.31673140034863 ], [ 127.45821855269925, 38.3266504084893 ], [ 127.496965686210714, 38.299559311372086 ], [ 127.577919182115139, 38.3363837340423 ], [ 127.684022787533607, 38.32401100994737 ], [ 127.745165435715776, 38.342725666215976 ], [ 127.769340012486836, 38.335238094101953 ], [ 127.782420032314434, 38.348999096192316 ], [ 127.821738780122772, 38.303787651019029 ], [ 127.874864173712083, 38.316892793307822 ], [ 127.926791703241747, 38.309380976370839 ], [ 127.958224314760344, 38.300219583619572 ], [ 127.985804143651279, 38.27347667184651 ], [ 128.002563756403532, 38.275510657141403 ], [ 128.018211760021586, 38.314186199633092 ], [ 128.06876326890449, 38.309963158052831 ], [ 128.115337934019351, 38.336623846342313 ], [ 128.157753933997526, 38.342547607244832 ], [ 128.191982085819717, 38.372885848005943 ], [ 128.21245122381282, 38.370145833532071 ], [ 128.245777815188575, 38.414510964806233 ], [ 128.283441637196717, 38.436157163961539 ], [ 128.313199076867562, 38.512362828949612 ], [ 128.309458204203622, 38.593448474599441 ], [ 128.356776952611398, 38.61370930709446 ], [ 128.410840116351153, 38.555881259992816 ], [ 128.420993121121853, 38.506446570857946 ], [ 128.46696729048935, 38.450087149539115 ], [ 128.455041612238261, 38.445205224166806 ], [ 128.456691075750911, 38.43156784545949 ], [ 128.510687308858451, 38.373167209980693 ], [ 128.512753303717403, 38.347250702702972 ], [ 128.551204452788852, 38.303533772171001 ], [ 128.560256289813452, 38.257852893014203 ], [ 128.602068160982384, 38.214637863263903 ], [ 128.582134799857812, 38.193318510519092 ], [ 128.593495389578152, 38.191553181268901 ], [ 128.593418977484077, 38.200594268348944 ], [ 128.600232440905984, 38.2020497538158 ], [ 128.614805915390008, 38.181110974858299 ], [ 128.610957596303138, 38.146105562910215 ], [ 128.725440035331133, 38.02378200068209 ] ], [ [ 129.112405927805668, 37.54019006522681 ], [ 129.114934159225413, 37.537291310416201 ], [ 129.115364723026232, 37.540187278356669 ], [ 129.112405927805668, 37.54019006522681 ] ] ] ] } },
{ "type": "Feature", "properties": { "sido": "충북", "code": "33", "name_eng": "Chungcheongbuk-do" }, "geometry": { "type": "Polygon", "coordinates": [ [ [ 127.31048747232856, 36.724285571821881 ], [ 127.33920284305502, 36.729725187117815 ], [ 127.335347003164188, 36.752407170212173 ], [ 127.358819441843224, 36.760575410549436 ], [ 127.404439290929261, 36.746017312532842 ], [ 127.420417064973975, 36.760837712812126 ], [ 127.395497178783501, 36.782477539547692 ], [ 127.400787119108131, 36.799092250510029 ], [ 127.334538273226968, 36.830666567123899 ], [ 127.334796103588914, 36.856180920813415 ], [ 127.307296640951577, 36.859702931410013 ], [ 127.307884118859619, 36.885386755261216 ], [ 127.287828868837977, 36.893778880057454 ], [ 127.303364771341165, 36.916390366679948 ], [ 127.294969247451448, 36.930666545237855 ], [ 127.349630560939801, 36.952793621337264 ], [ 127.375657903361827, 36.948659623441451 ], [ 127.4015340527299, 36.967678092389519 ], [ 127.384971892543547, 36.983636682551996 ], [ 127.392700534946229, 36.997010396215629 ], [ 127.447088828579453, 37.010885491164615 ], [ 127.468211712301155, 37.053486510753331 ], [ 127.499842642531377, 37.047636143731111 ], [ 127.518261386072723, 37.058397072710299 ], [ 127.556834365480242, 37.041246882761072 ], [ 127.577976747624604, 37.075341042541154 ], [ 127.604718367990415, 37.068779418209424 ], [ 127.595107863048668, 37.08799279343031 ], [ 127.634530725890585, 37.099831507709936 ], [ 127.62831455897684, 37.155286385047823 ], [ 127.688592597881538, 37.135540686318947 ], [ 127.74412984376977, 37.214860864653424 ], [ 127.755997026819955, 37.170852739948174 ], [ 127.789523644569343, 37.143408276184189 ], [ 127.872050038293466, 37.164343972918211 ], [ 127.898894251337794, 37.149804537891384 ], [ 127.908633362156422, 37.167124323865174 ], [ 127.933625534056844, 37.175802861987187 ], [ 127.921724246752248, 37.225382307771042 ], [ 127.969737711701171, 37.255699593465764 ], [ 128.018256826964233, 37.24571385769282 ], [ 128.041073531661027, 37.188990522519966 ], [ 128.108698866650457, 37.20566886991471 ], [ 128.125322238965055, 37.234537319013846 ], [ 128.164480123785609, 37.21345671130031 ], [ 128.174098610284091, 37.232605058402548 ], [ 128.207799193268642, 37.248823012730696 ], [ 128.229243857991065, 37.227566600722696 ], [ 128.250933330060178, 37.229582362050259 ], [ 128.268401221607775, 37.207915099821172 ], [ 128.316585640852111, 37.223390738311323 ], [ 128.332183445822778, 37.213903226424691 ], [ 128.326387476415277, 37.197291082776815 ], [ 128.295623548422526, 37.1832883381907 ], [ 128.298072802974332, 37.171659401917651 ], [ 128.264441541742343, 37.16041506456498 ], [ 128.296234303145866, 37.134107677251002 ], [ 128.337093102964758, 37.157852428209353 ], [ 128.384102096446441, 37.157977779912109 ], [ 128.424700451939287, 37.102464006264405 ], [ 128.477805924224725, 37.110154915527097 ], [ 128.496583590283507, 37.125759466287931 ], [ 128.538130957576129, 37.089627007680626 ], [ 128.606404562797792, 37.076670233741154 ], [ 128.62264232384743, 37.087401820182542 ], [ 128.652096499381059, 37.065440020386468 ], [ 128.632924771588165, 37.040501871170378 ], [ 128.608436857770045, 37.052814518554996 ], [ 128.568372134397237, 37.034219430539153 ], [ 128.571272777450048, 37.015933461464968 ], [ 128.554731219586301, 36.998286065028324 ], [ 128.515474802342681, 36.986823420340919 ], [ 128.441745772666678, 36.927364536294427 ], [ 128.423969749962566, 36.876528450434527 ], [ 128.447998099378395, 36.864388359224911 ], [ 128.449031063554884, 36.847842140791222 ], [ 128.421143404177712, 36.811806659024782 ], [ 128.383339086475274, 36.813757910255895 ], [ 128.36408420522946, 36.80221565653536 ], [ 128.316450392416471, 36.816661643646675 ], [ 128.282475755485535, 36.855962777888884 ], [ 128.241825698335958, 36.872325680085474 ], [ 128.237022543525427, 36.845345917185718 ], [ 128.21125155768209, 36.846901160433255 ], [ 128.215369544959344, 36.81200227496376 ], [ 128.133571106637305, 36.832795333396014 ], [ 128.090067794506069, 36.796637530873731 ], [ 128.059636565654074, 36.816772692344237 ], [ 128.032324689737777, 36.747575855477223 ], [ 128.067987968708735, 36.72223411208055 ], [ 128.070383802091271, 36.707704614824351 ], [ 128.01484218748385, 36.73019132057906 ], [ 127.986848258026455, 36.71754933364749 ], [ 127.958455438849725, 36.736844857361277 ], [ 127.949528366541145, 36.708050166696339 ], [ 127.933569173969389, 36.706487371944782 ], [ 127.928919212978698, 36.690838598690711 ], [ 127.893890046897198, 36.694382492324664 ], [ 127.874292897520945, 36.681960955802438 ], [ 127.929571952743615, 36.668765076940304 ], [ 127.939209439077217, 36.64706147195507 ], [ 127.925241686220261, 36.602814206228288 ], [ 127.889653162692383, 36.629349056661248 ], [ 127.879658333547454, 36.656767248963469 ], [ 127.846753174534086, 36.633988883242083 ], [ 127.858303519494925, 36.613532844235898 ], [ 127.798466869830719, 36.60207742478277 ], [ 127.804896619172936, 36.58138656974927 ], [ 127.860422748220074, 36.567950700191261 ], [ 127.876091803700817, 36.537015190556914 ], [ 127.902463270799203, 36.528069620870653 ], [ 127.906336327953753, 36.506944135055853 ], [ 127.876094690609932, 36.488368080411192 ], [ 127.872994316284661, 36.424282234139682 ], [ 127.882710369416046, 36.422173646035922 ], [ 127.862904645871794, 36.3929679528311 ], [ 127.875722402851437, 36.390593211070048 ], [ 127.891259684959394, 36.359664035434221 ], [ 127.841478173066093, 36.310001619331523 ], [ 127.852119489497326, 36.273924106479768 ], [ 127.882635549853319, 36.273749667204804 ], [ 127.904286812003917, 36.301453962862595 ], [ 127.908109242269859, 36.285509546313726 ], [ 127.960167419942323, 36.252371206866357 ], [ 128.026224893125004, 36.267896010480968 ], [ 128.047352430139739, 36.256551059302183 ], [ 128.029902143610855, 36.240012986161709 ], [ 128.058146144252163, 36.201245015340305 ], [ 128.038633672576509, 36.194158060529297 ], [ 128.009748018262201, 36.209362069976962 ], [ 127.978016133245234, 36.198110662690397 ], [ 127.997197387742347, 36.155467194289997 ], [ 127.987784027399712, 36.128818494361191 ], [ 127.966795819614845, 36.118060539512378 ], [ 127.960874291539639, 36.070338993921489 ], [ 127.876773976548677, 36.022511774109539 ], [ 127.848551326426104, 36.039721712225848 ], [ 127.764267803551107, 36.012429965710986 ], [ 127.761605012989335, 36.025178856903402 ], [ 127.701925510785173, 36.035271033410581 ], [ 127.688089856499246, 36.062744730312893 ], [ 127.660228909373487, 36.038541311015763 ], [ 127.617274691795359, 36.093578146050348 ], [ 127.619095784563541, 36.108885169984227 ], [ 127.589480653965737, 36.134296910020659 ], [ 127.601664513170832, 36.160024041340513 ], [ 127.597778935281767, 36.217500141155895 ], [ 127.579548803648919, 36.232796436990995 ], [ 127.545331197913569, 36.225513666206886 ], [ 127.549861458303113, 36.238424363024293 ], [ 127.536242688202805, 36.251230648976318 ], [ 127.492577202789136, 36.23795395193175 ], [ 127.486048356016539, 36.26124847408353 ], [ 127.498809558288897, 36.282814465715632 ], [ 127.491177255537963, 36.297023125772419 ], [ 127.500558608545404, 36.339294225936939 ], [ 127.522395518930281, 36.354324836520064 ], [ 127.524934512546238, 36.38750656530086 ], [ 127.559678993258473, 36.398218890767929 ], [ 127.524319377606147, 36.423431839251577 ], [ 127.501554577073449, 36.408653814391123 ], [ 127.489721479639584, 36.434125180687083 ], [ 127.504455802935041, 36.451896935475865 ], [ 127.478278455763004, 36.457280591765461 ], [ 127.484032674556289, 36.476617494632031 ], [ 127.4513305826964, 36.449253152726151 ], [ 127.402085370066018, 36.456040539479247 ], [ 127.405012663241592, 36.537311006938154 ], [ 127.38388437648662, 36.54153274236463 ], [ 127.377548795374707, 36.56782893161521 ], [ 127.338085185680612, 36.562343273935319 ], [ 127.32144027369074, 36.583777983661285 ], [ 127.299820919366354, 36.585953249182346 ], [ 127.306534054909633, 36.601384198464849 ], [ 127.292158945671602, 36.635640196176176 ], [ 127.275650456915841, 36.639803674997019 ], [ 127.305090468679921, 36.667569851934928 ], [ 127.307625181962351, 36.682022472651695 ], [ 127.285290069054398, 36.690671453376645 ], [ 127.308397987199029, 36.704805481095121 ], [ 127.31048747232856, 36.724285571821881 ] ] ] } },
{ "type": "Feature", "properties": { "sido": "충남", "code": "34", "name_eng": "Chungcheongnam-do" }, "geometry": { "type": "MultiPolygon", "coordinates": [ [ [ [ 126.374842150513373, 36.596558970734726 ], [ 126.37509947335036, 36.596679063206025 ], [ 126.374891789660467, 36.596565466872356 ], [ 126.374842150513373, 36.596558970734726 ] ] ], [ [ [ 126.380849695610593, 36.591550651409712 ], [ 126.380200009398848, 36.606408616163222 ], [ 126.385735212160185, 36.60428155174074 ], [ 126.380849695610593, 36.591550651409712 ] ] ], [ [ [ 126.359175186280552, 36.612450859650899 ], [ 126.375138366686443, 36.578791311729624 ], [ 126.358819917198701, 36.57215022706059 ], [ 126.375166348497189, 36.564520718908327 ], [ 126.386602490204993, 36.524287585048306 ], [ 126.378097089000633, 36.519202042510791 ], [ 126.401759397665217, 36.505465775374759 ], [ 126.398953139919044, 36.488240753298882 ], [ 126.410286784993275, 36.491660048328733 ], [ 126.417459790534906, 36.464619833700269 ], [ 126.406487876314003, 36.453115256607397 ], [ 126.431896344554332, 36.437365388798995 ], [ 126.427468364872453, 36.39928954539792 ], [ 126.389992913958508, 36.421918045303762 ], [ 126.362347129848274, 36.41552088918926 ], [ 126.351016252064582, 36.425351531506365 ], [ 126.364016633224324, 36.440585897228964 ], [ 126.330308920525837, 36.441303694565413 ], [ 126.324176384347894, 36.468195933228678 ], [ 126.338733617772505, 36.505112423827171 ], [ 126.31162203262538, 36.585424217709637 ], [ 126.359175186280552, 36.612450859650899 ] ] ], [ [ [ 126.157361546688861, 36.748651725956577 ], [ 126.160489076240282, 36.748644466085629 ], [ 126.158877810093969, 36.74679444328131 ], [ 126.157361546688861, 36.748651725956577 ] ] ], [ [ [ 126.158207474932127, 36.75355768459621 ], [ 126.158901236916023, 36.755542914728771 ], [ 126.158595076308615, 36.753996832609822 ], [ 126.158207474932127, 36.75355768459621 ] ] ], [ [ [ 126.694840019701076, 37.000436994880531 ], [ 126.694832786665017, 37.001252285724668 ], [ 126.695553228873251, 37.001521980568349 ], [ 126.694840019701076, 37.000436994880531 ] ] ], [ [ [ 126.694840019701076, 37.000436994880531 ], [ 126.782781021716076, 36.975124800831381 ], [ 126.817283967108182, 36.896474970009301 ], [ 126.862516292107387, 36.880014977701393 ], [ 126.905888805583984, 36.888689217508237 ], [ 126.916742736018833, 36.906208528315474 ], [ 126.995181421025819, 36.935359451825569 ], [ 127.031040868802691, 36.928089263809788 ], [ 127.095763942524101, 36.942374323596077 ], [ 127.111543673009621, 36.971280734244012 ], [ 127.159181285356567, 36.969755132522366 ], [ 127.202144015243206, 36.951710662779398 ], [ 127.210450761855029, 36.930538968093558 ], [ 127.273451338155311, 36.911452563625275 ], [ 127.307884118859619, 36.885386755261216 ], [ 127.307296640951577, 36.859702931410013 ], [ 127.336494706037996, 36.854686812298475 ], [ 127.334538273226968, 36.830666567123899 ], [ 127.400787119108131, 36.799092250510029 ], [ 127.395497178783501, 36.782477539547692 ], [ 127.419698489139279, 36.757662187258362 ], [ 127.404439290929261, 36.746017312532842 ], [ 127.368549732519838, 36.761348334474235 ], [ 127.33550795394811, 36.752641847918269 ], [ 127.34253028074761, 36.733785625029462 ], [ 127.31048747232856, 36.724285571821881 ], [ 127.308397987199029, 36.704805481095121 ], [ 127.28526315262242, 36.690606044744172 ], [ 127.245710863813258, 36.695891506630687 ], [ 127.203122375976704, 36.726149125443506 ], [ 127.164694538602504, 36.733821874535181 ], [ 127.127765729818094, 36.708832049140135 ], [ 127.141748936343006, 36.689983828306644 ], [ 127.161444904776801, 36.690218630108191 ], [ 127.155883739198117, 36.606011032111226 ], [ 127.207751324789015, 36.577959495746441 ], [ 127.191826864022133, 36.546025392087742 ], [ 127.174240555969178, 36.542189519259466 ], [ 127.182348729809803, 36.521438081212473 ], [ 127.169989704753732, 36.509037915569067 ], [ 127.177053836318606, 36.492603974907965 ], [ 127.194675500326738, 36.489593598985849 ], [ 127.198934511184916, 36.439883817578497 ], [ 127.250795707255193, 36.40675840111961 ], [ 127.282100443590522, 36.414999380537488 ], [ 127.27056915793608, 36.360857711564968 ], [ 127.279118073740463, 36.344822372620591 ], [ 127.25976633450243, 36.3272481495001 ], [ 127.259848592811096, 36.295654321507598 ], [ 127.246652996030235, 36.290959629479737 ], [ 127.291750875307756, 36.264688171042252 ], [ 127.281839822902811, 36.235803040647838 ], [ 127.315261222473907, 36.221288087561234 ], [ 127.333550375056788, 36.200671298801311 ], [ 127.331697677004556, 36.184055518964108 ], [ 127.364196902338463, 36.218901293710488 ], [ 127.360200246756463, 36.262212790021621 ], [ 127.372460253352074, 36.27217851775854 ], [ 127.3902577031145, 36.262270947274892 ], [ 127.387342898274525, 36.234152460471272 ], [ 127.441101687950024, 36.194786781220117 ], [ 127.477857171039403, 36.229668790074037 ], [ 127.532572756771032, 36.25088933812988 ], [ 127.54943688915769, 36.239331714080862 ], [ 127.545331197913569, 36.225513666206886 ], [ 127.579548803648919, 36.232796436990995 ], [ 127.597778935281767, 36.217500141155895 ], [ 127.601664513170832, 36.160024041340513 ], [ 127.589437050099775, 36.134455110904227 ], [ 127.619095784563541, 36.108885169984227 ], [ 127.617274691795359, 36.093578146050348 ], [ 127.638295435020922, 36.067939870354039 ], [ 127.620550962206195, 36.064205251042992 ], [ 127.619099724886709, 36.039173071089927 ], [ 127.639748255376915, 36.032252394592376 ], [ 127.610735113028952, 36.025348538740033 ], [ 127.614593644216512, 36.001198983472577 ], [ 127.58977046968819, 36.026046324722088 ], [ 127.533691441338235, 36.040935794764707 ], [ 127.53665554334971, 35.996450571076899 ], [ 127.508889253115782, 35.979781238215921 ], [ 127.45578622920381, 35.983821426609389 ], [ 127.434557166003643, 36.029495126217491 ], [ 127.397513257093877, 36.010250369081007 ], [ 127.360371514604878, 36.054518173439426 ], [ 127.360057921794322, 36.089380773938736 ], [ 127.34768539758285, 36.098271822623261 ], [ 127.35492077402094, 36.108338010057828 ], [ 127.338477040471588, 36.130497015969731 ], [ 127.274521643479176, 36.107425067850791 ], [ 127.252130289364672, 36.113131336742455 ], [ 127.248702347997622, 36.08306647984071 ], [ 127.205913086532604, 36.100590062530003 ], [ 127.198042325337198, 36.085791612091889 ], [ 127.182440882745624, 36.09469045441049 ], [ 127.168776721981132, 36.083980586319413 ], [ 127.139649621446509, 36.087867303848043 ], [ 127.122694031705237, 36.063581834655494 ], [ 127.061148863482217, 36.088998488130365 ], [ 127.063008793359458, 36.125223287070071 ], [ 127.044838866353274, 36.146086020896519 ], [ 127.024060416347893, 36.136503464951218 ], [ 127.015437030597127, 36.148763164416231 ], [ 126.956626502515462, 36.156570436347259 ], [ 126.919691520973856, 36.136299422654695 ], [ 126.887754444998194, 36.137951414118106 ], [ 126.865529696439594, 36.060924963848322 ], [ 126.821097570654345, 36.049918525004969 ], [ 126.80582172037677, 36.034360925386409 ], [ 126.748047369650919, 36.025750586484108 ], [ 126.736482714530496, 36.000431906645602 ], [ 126.667970035998664, 36.004249674243496 ], [ 126.668725380706832, 36.031235500034747 ], [ 126.644633673791333, 36.056777428077446 ], [ 126.631166365428044, 36.054682576830977 ], [ 126.630695860897845, 36.077306149812401 ], [ 126.61890764382477, 36.077535926108609 ], [ 126.646718624914101, 36.088396182995318 ], [ 126.644678438358071, 36.093940779173153 ], [ 126.61168213624623, 36.095511832482153 ], [ 126.570031259270607, 36.140262937839402 ], [ 126.555993218870455, 36.128437032254581 ], [ 126.539027246186222, 36.147886478757108 ], [ 126.515503702292321, 36.151981360494652 ], [ 126.501029121097773, 36.141056314505477 ], [ 126.508901195908194, 36.129427416958677 ], [ 126.494201476417771, 36.133358054637874 ], [ 126.492836360143585, 36.15865950179478 ], [ 126.526180766685002, 36.169413656775909 ], [ 126.537842663606412, 36.201494399797937 ], [ 126.529020455702835, 36.238334589336219 ], [ 126.548131851279308, 36.265107042762146 ], [ 126.516949387258421, 36.29903820023366 ], [ 126.504306270224404, 36.329843229353358 ], [ 126.560125372011825, 36.351022569829645 ], [ 126.501079031609351, 36.379853675617149 ], [ 126.501500014017623, 36.382909701648714 ], [ 126.507614515197034, 36.383578584956837 ], [ 126.508029639542897, 36.386498765364564 ], [ 126.479843769431497, 36.384765491402817 ], [ 126.495248358980177, 36.425744603337904 ], [ 126.531607018027287, 36.440964761818634 ], [ 126.49807831704851, 36.432701673567458 ], [ 126.486707894655808, 36.454796618126544 ], [ 126.479324475719864, 36.491560253711633 ], [ 126.482074923204038, 36.516092590000902 ], [ 126.488096732384108, 36.526548990344928 ], [ 126.466254688252434, 36.534806707829567 ], [ 126.464108400264237, 36.583491495182969 ], [ 126.455276798456339, 36.595386616537155 ], [ 126.410857795830154, 36.60355082874225 ], [ 126.414215672269137, 36.614969145579693 ], [ 126.365729367936552, 36.62685334115681 ], [ 126.292207611077657, 36.584811919631449 ], [ 126.283091971554825, 36.622193833698383 ], [ 126.297838842419679, 36.620358752259584 ], [ 126.300972105624624, 36.638439928407067 ], [ 126.284279939123067, 36.671711242502546 ], [ 126.265509039777683, 36.671632725516808 ], [ 126.261299079491408, 36.693861370510568 ], [ 126.279420363556596, 36.729895369423964 ], [ 126.251475755900415, 36.713749587108879 ], [ 126.235025429940563, 36.718098587610498 ], [ 126.239075970515842, 36.702915609331349 ], [ 126.209235251663841, 36.693078670584214 ], [ 126.196248395061261, 36.674319715159704 ], [ 126.155578163431585, 36.67778576418695 ], [ 126.146837089244301, 36.702821210212001 ], [ 126.166143988280282, 36.716602368873069 ], [ 126.207255328123495, 36.705194226224961 ], [ 126.222908790524002, 36.721957552112372 ], [ 126.214948159227689, 36.727265820888562 ], [ 126.204618278829713, 36.721826530505446 ], [ 126.202174160575453, 36.721283218565169 ], [ 126.199202036293244, 36.721574958337797 ], [ 126.211505363680388, 36.741012671963134 ], [ 126.166392993444347, 36.758316993658461 ], [ 126.140819307466941, 36.754040739045337 ], [ 126.150488275210733, 36.73052097196318 ], [ 126.120121594887877, 36.707845119020718 ], [ 126.134087446932426, 36.748454204396161 ], [ 126.111599341355429, 36.772811562592203 ], [ 126.135288191263612, 36.775537323714296 ], [ 126.130661986188571, 36.787098510260307 ], [ 126.14582780218511, 36.791100167476763 ], [ 126.143010292847876, 36.808724398983166 ], [ 126.160685831382722, 36.826441200174514 ], [ 126.149850277346559, 36.846272252263105 ], [ 126.171067513466284, 36.840698541030307 ], [ 126.171939768004393, 36.811719801850316 ], [ 126.185722033034963, 36.814453315326986 ], [ 126.175448555141529, 36.832415880946591 ], [ 126.198519369799712, 36.855701056970432 ], [ 126.176858229781871, 36.884543697603775 ], [ 126.197495448680016, 36.888555871114853 ], [ 126.20272048573645, 36.904859667168402 ], [ 126.249366412721216, 36.913979926069615 ], [ 126.276521241963437, 36.89779876113505 ], [ 126.292482869952394, 36.901088934924516 ], [ 126.284695364148163, 36.963263848686843 ], [ 126.301710890799782, 36.977897301149461 ], [ 126.292034175993891, 36.962856171413762 ], [ 126.310228123068555, 36.956153302841656 ], [ 126.300344399063249, 36.919268742590077 ], [ 126.33072794195148, 36.891116466758092 ], [ 126.295601343234921, 36.852796582802512 ], [ 126.294608136124523, 36.842027522775332 ], [ 126.316990471341313, 36.837357342004488 ], [ 126.282800717930442, 36.825052183816588 ], [ 126.287297967939864, 36.799510442203534 ], [ 126.30480625367791, 36.814680109672587 ], [ 126.337411647223689, 36.816230423529319 ], [ 126.317814938508263, 36.843056730951005 ], [ 126.332499326224436, 36.863451858579985 ], [ 126.347712455672436, 36.86083901884043 ], [ 126.343207119693929, 36.846271606351721 ], [ 126.365106014866797, 36.82954830128925 ], [ 126.364493752768595, 36.876529135985152 ], [ 126.397871669895451, 36.880639282434856 ], [ 126.407041035822672, 36.901666744925627 ], [ 126.432377751656801, 36.901092638938195 ], [ 126.404681198750666, 36.919182727012135 ], [ 126.417795600115156, 36.92344050967435 ], [ 126.41889641002949, 36.937405378250283 ], [ 126.388962170698278, 36.926760735740849 ], [ 126.380262321259963, 36.945271098064431 ], [ 126.359680321287939, 36.938808516306679 ], [ 126.350179131372556, 36.961445227860175 ], [ 126.333147354322932, 36.96114931754019 ], [ 126.334827469036867, 36.973557416751127 ], [ 126.370393654856727, 36.960261544659794 ], [ 126.388671013292011, 36.969803912989079 ], [ 126.374626228023601, 36.982593096701997 ], [ 126.33054486557802, 36.985438765234228 ], [ 126.327611176043931, 36.999637432979597 ], [ 126.356831988697806, 37.011516277454504 ], [ 126.420804242743728, 37.019822760049948 ], [ 126.454401763073662, 36.998955161877944 ], [ 126.470182048871564, 37.006756039110634 ], [ 126.460219725157529, 37.020165530546393 ], [ 126.49833338791548, 37.064942678282037 ], [ 126.541947202195146, 37.035054572124331 ], [ 126.561244793849681, 37.037034117758495 ], [ 126.631541028368716, 37.002152837643479 ], [ 126.694840019701076, 37.000436994880531 ] ], [ [ 126.487958868880199, 36.508515785396632 ], [ 126.505541392543194, 36.523983383226778 ], [ 126.540549445524519, 36.503965501262648 ], [ 126.563113297254546, 36.505901002619147 ], [ 126.559138746912112, 36.524256966835871 ], [ 126.553241807312105, 36.506452670162709 ], [ 126.502153242888028, 36.531866995866864 ], [ 126.483536903581012, 36.516864642777584 ], [ 126.487958868880199, 36.508515785396632 ] ], [ [ 126.615216264515112, 36.488278855802513 ], [ 126.589358172951236, 36.475240177050694 ], [ 126.561444088727498, 36.484047258165525 ], [ 126.526158553926592, 36.447322917611721 ], [ 126.549038246803207, 36.450021059327554 ], [ 126.555804358896097, 36.467584110720935 ], [ 126.552568159032361, 36.452826467056546 ], [ 126.565540593463751, 36.452074630519718 ], [ 126.568377192042973, 36.471865742775314 ], [ 126.591706666684502, 36.469238671737386 ], [ 126.615216264515112, 36.488278855802513 ] ], [ [ 126.520907155238461, 36.335413672248116 ], [ 126.516302252925541, 36.332211242897209 ], [ 126.528316217343303, 36.335487748959508 ], [ 126.520907155238461, 36.335413672248116 ] ] ] ] } },
{ "type": "Feature", "properties": { "sido": "전북", "code": "35", "name_eng": "Jeollabuk-do" }, "geometry": { "type": "MultiPolygon", "coordinates": [ [ [ [ 126.699818017578309, 35.995747963406238 ], [ 126.684268902595988, 35.986035823387873 ], [ 126.655864636537657, 35.987297390008173 ], [ 126.657942734401587, 35.990541941886626 ], [ 126.699818017578309, 35.995747963406238 ] ] ], [ [ [ 126.956626502515462, 36.156570436347259 ], [ 127.015437030597127, 36.148763164416231 ], [ 127.024232634674647, 36.136494242627322 ], [ 127.044838866353274, 36.146086020896519 ], [ 127.063008793359458, 36.125223287070071 ], [ 127.061148863482217, 36.088998488130365 ], [ 127.122694031705237, 36.063581834655494 ], [ 127.139649621446509, 36.087867303848043 ], [ 127.168776721981132, 36.083980586319413 ], [ 127.182440882745624, 36.09469045441049 ], [ 127.198042325337198, 36.085791612091889 ], [ 127.205913086532604, 36.100590062530003 ], [ 127.248702347997622, 36.08306647984071 ], [ 127.252130289364672, 36.113131336742455 ], [ 127.274521643479176, 36.107425067850791 ], [ 127.338477040471588, 36.130497015969731 ], [ 127.35492077402094, 36.108338010057828 ], [ 127.34768539758285, 36.098271822623261 ], [ 127.360057921794322, 36.089380773938736 ], [ 127.360371514604878, 36.054518173439426 ], [ 127.376487126201724, 36.022923961361784 ], [ 127.401223045011534, 36.008735861397753 ], [ 127.434557166003643, 36.029495126217491 ], [ 127.45578622920381, 35.983821426609389 ], [ 127.487727690688729, 35.9782641246846 ], [ 127.535868453679868, 35.994904267026875 ], [ 127.531421070792106, 36.040842775684069 ], [ 127.58977046968819, 36.026046324722088 ], [ 127.614153023689781, 36.000804143554525 ], [ 127.610735113028952, 36.025348538740033 ], [ 127.639748255376915, 36.032252394592376 ], [ 127.619099724886709, 36.039173071089927 ], [ 127.623924262128128, 36.067271577696026 ], [ 127.644550412567554, 36.066813771673715 ], [ 127.664413185903314, 36.037510588310042 ], [ 127.689015499777241, 36.062671557092003 ], [ 127.701925510785173, 36.035271033410581 ], [ 127.761605012989335, 36.025178856903402 ], [ 127.764267803551107, 36.012429965710986 ], [ 127.848551326426104, 36.039721712225848 ], [ 127.876773976548677, 36.022511774109539 ], [ 127.875597409644229, 35.996912756317904 ], [ 127.893218277124745, 35.986784489630473 ], [ 127.91136737877143, 35.949181509183774 ], [ 127.882236813674936, 35.928884029009502 ], [ 127.887856324713283, 35.912062214148605 ], [ 127.859540235179239, 35.906490588122018 ], [ 127.841751474227863, 35.866247035348614 ], [ 127.768849853497983, 35.838313136176566 ], [ 127.744452896672399, 35.844421725614453 ], [ 127.719386019720218, 35.797315999190445 ], [ 127.66350242598655, 35.764035005877311 ], [ 127.660956343590399, 35.70990593349083 ], [ 127.620098225446597, 35.646138801749963 ], [ 127.635335259995458, 35.618483955390261 ], [ 127.61301734954489, 35.608248075955203 ], [ 127.611193532236626, 35.583892548555895 ], [ 127.584861176532655, 35.553905551836088 ], [ 127.628693619648402, 35.535984819248156 ], [ 127.65310684051795, 35.486868703152332 ], [ 127.636608513688813, 35.478208399437619 ], [ 127.636688091017717, 35.459352017032721 ], [ 127.674069338104772, 35.445720022541963 ], [ 127.660473798944963, 35.414433753475812 ], [ 127.610758248452314, 35.366953489487955 ], [ 127.623330749192419, 35.342166014991513 ], [ 127.604780616714791, 35.318374689243853 ], [ 127.577481012155786, 35.308901047301546 ], [ 127.50201542588438, 35.358362807268868 ], [ 127.470765812796245, 35.365335578298087 ], [ 127.43088799127959, 35.358112275885674 ], [ 127.384567382059203, 35.302457702734301 ], [ 127.354256028725246, 35.322355089141993 ], [ 127.309887753359419, 35.304515545281248 ], [ 127.257167702251678, 35.312459926906456 ], [ 127.222054551814608, 35.334885660310391 ], [ 127.203597601935144, 35.315667546938641 ], [ 127.186162590665433, 35.336949238306303 ], [ 127.145472547224699, 35.308980426142227 ], [ 127.105235413213762, 35.299232598823338 ], [ 127.043092010066857, 35.32188539010636 ], [ 127.05233393455218, 35.340264817458205 ], [ 127.070249251278554, 35.339636574104716 ], [ 127.07063269055314, 35.365211419961945 ], [ 127.027463156068123, 35.394679437836444 ], [ 127.046929900262754, 35.402193716489663 ], [ 127.052315207676031, 35.426516104788412 ], [ 127.037353557034947, 35.433855261358445 ], [ 127.034722147671175, 35.466571850569061 ], [ 127.000016158035166, 35.462874782053802 ], [ 126.994545527528501, 35.439804128793185 ], [ 126.971380613177303, 35.427671215705878 ], [ 126.976101444540291, 35.400045635718961 ], [ 126.935367764073249, 35.394556194164473 ], [ 126.903067529228082, 35.420626984371403 ], [ 126.89677488020078, 35.447985695674049 ], [ 126.839542880070056, 35.462321564163226 ], [ 126.843299856771324, 35.478330500491303 ], [ 126.823342691571654, 35.486913826431682 ], [ 126.813973049693047, 35.468799039827474 ], [ 126.764902620672515, 35.467058293149989 ], [ 126.737715347696124, 35.449493583751313 ], [ 126.754200294328953, 35.41650415517158 ], [ 126.722468634461066, 35.399932545550406 ], [ 126.732185423906742, 35.3831873471688 ], [ 126.722500166747565, 35.36685980721208 ], [ 126.685726178252608, 35.344235528382868 ], [ 126.666444982811186, 35.351486895027115 ], [ 126.644799075229912, 35.319775346639538 ], [ 126.604170907322015, 35.335658397696839 ], [ 126.584962930974854, 35.330182393870253 ], [ 126.584904333992881, 35.300786982179787 ], [ 126.551082835766223, 35.313675242750875 ], [ 126.530380199114447, 35.30815062024854 ], [ 126.513855758203619, 35.327472440432182 ], [ 126.512757732704159, 35.362034641102731 ], [ 126.493547412109436, 35.350384756907395 ], [ 126.497414236567593, 35.373200664292426 ], [ 126.4773810898037, 35.38617868754816 ], [ 126.492875277552088, 35.409238139873693 ], [ 126.479663362486278, 35.426503610256724 ], [ 126.429853011951508, 35.432924806771375 ], [ 126.429471388665888, 35.449639333663043 ], [ 126.485010514037896, 35.52235918949291 ], [ 126.496820938919711, 35.509921790476092 ], [ 126.502516979143621, 35.525271252769038 ], [ 126.526386917907473, 35.534817413680926 ], [ 126.544261698250295, 35.527331700486982 ], [ 126.559863077860953, 35.543262941864292 ], [ 126.594549236970082, 35.540976108637956 ], [ 126.592339450942433, 35.533734186064287 ], [ 126.595385476326854, 35.529748886186702 ], [ 126.614007296631058, 35.570409356877498 ], [ 126.633194956727635, 35.574734965077191 ], [ 126.676326901807812, 35.547611749946704 ], [ 126.657542488367369, 35.58687821775662 ], [ 126.575196163421936, 35.590415149782466 ], [ 126.527982539811759, 35.579299073659868 ], [ 126.515124253512852, 35.587687019706891 ], [ 126.50869639036587, 35.57920026877725 ], [ 126.459969620562049, 35.610222910382966 ], [ 126.469279599589512, 35.628234019358061 ], [ 126.458119673282425, 35.637799755172693 ], [ 126.556370365769013, 35.697803004478494 ], [ 126.520218096134627, 35.73168244231767 ], [ 126.482241469598037, 35.815172535639235 ], [ 126.519526729443086, 35.738040909855037 ], [ 126.569374284369104, 35.686425349378943 ], [ 126.628621784404814, 35.749066342687641 ], [ 126.621372538803996, 35.786887585256991 ], [ 126.631460065529453, 35.799486137653695 ], [ 126.706761878655755, 35.796515503289257 ], [ 126.674550924280695, 35.889154835710812 ], [ 126.612362887112667, 35.886284047189136 ], [ 126.617483101708885, 35.939876051784765 ], [ 126.593596017165311, 35.948341490433585 ], [ 126.588270564406031, 35.902722180756165 ], [ 126.581113025639226, 35.902690761057436 ], [ 126.575681460532294, 35.903118714263243 ], [ 126.588099768650451, 35.902952171678791 ], [ 126.587915213483086, 35.92075808833399 ], [ 126.571524542257663, 35.919822944615689 ], [ 126.56477916967431, 35.905310428964292 ], [ 126.564810606951212, 35.936181851335569 ], [ 126.53441233622884, 35.934001592395461 ], [ 126.498352530519085, 35.835441753627741 ], [ 126.472842954742859, 35.810953317105756 ], [ 126.461894846204103, 35.819144540052214 ], [ 126.449389227613977, 35.806726476253814 ], [ 126.442124567170907, 35.828908432777546 ], [ 126.475296483727064, 35.822325262267263 ], [ 126.490737989348901, 35.838170898503613 ], [ 126.531284379224005, 35.931891411058665 ], [ 126.512811292611076, 35.974935377344174 ], [ 126.523318877785513, 35.966304896095942 ], [ 126.61316561976561, 35.978849946422692 ], [ 126.624376004429024, 35.971014146017325 ], [ 126.62233116506691, 35.977947612819385 ], [ 126.683411877437592, 35.984161046393979 ], [ 126.706008606362957, 35.994709189274317 ], [ 126.736682355476674, 35.985755117705423 ], [ 126.755931958165277, 36.010542402678993 ], [ 126.74166067123393, 36.012205946337971 ], [ 126.748047369650919, 36.025750586484108 ], [ 126.80582172037677, 36.034360925386409 ], [ 126.868036513659248, 36.062411130156903 ], [ 126.889696555364637, 36.139622323580525 ], [ 126.919691520973856, 36.136299422654695 ], [ 126.956626502515462, 36.156570436347259 ] ] ] ] } },
{ "type": "Feature", "properties": { "sido": "전남", "code": "36", "name_eng": "Jeollanam-do" }, "geometry": { "type": "MultiPolygon", "coordinates": [ [ [ [ 126.539326622196057, 34.18195386860711 ], [ 126.572650128585892, 34.161283742061826 ], [ 126.620832361302504, 34.164599794958576 ], [ 126.620653032544965, 34.155231263452244 ], [ 126.603191093613376, 34.161133260370995 ], [ 126.604142427943003, 34.145979013920041 ], [ 126.589676220694159, 34.1623406916124 ], [ 126.563789708348111, 34.135307131076253 ], [ 126.511874378499797, 34.122057964983341 ], [ 126.50449037958677, 34.159683722376798 ], [ 126.539326622196057, 34.18195386860711 ] ] ], [ [ [ 126.654362976421694, 34.198357317762103 ], [ 126.684709041687782, 34.181588876319665 ], [ 126.655989658755516, 34.17168096369722 ], [ 126.670066367500596, 34.147511621925425 ], [ 126.682864073446524, 34.148562080457324 ], [ 126.668667801316261, 34.143223264325847 ], [ 126.659927822339384, 34.110989732625463 ], [ 126.649752896218573, 34.130361912837444 ], [ 126.637563830629148, 34.122494842446208 ], [ 126.627810714130078, 34.14562264349297 ], [ 126.652147653047209, 34.170088967413349 ], [ 126.633255243171405, 34.188029581923018 ], [ 126.654362976421694, 34.198357317762103 ] ] ], [ [ [ 126.890392792061434, 34.217413436476996 ], [ 126.910447463250918, 34.212654206499892 ], [ 126.908343526792436, 34.1833368976299 ], [ 126.928471499857125, 34.189573721837746 ], [ 126.917885860223763, 34.158269621746967 ], [ 126.881279076635678, 34.149719163642239 ], [ 126.86491268843605, 34.165851302268393 ], [ 126.856456015849162, 34.150515004610988 ], [ 126.84835913792908, 34.162815257589813 ], [ 126.859523761347305, 34.170602137508446 ], [ 126.847055212566275, 34.174256267801788 ], [ 126.857563727846667, 34.177734116485937 ], [ 126.857286738921218, 34.199286466440171 ], [ 126.890392792061434, 34.217413436476996 ] ] ], [ [ [ 126.553157907583952, 34.233477772774286 ], [ 126.572533003343707, 34.222463758094172 ], [ 126.595412786480509, 34.226941236243242 ], [ 126.615168134675699, 34.215644247215373 ], [ 126.624859209372445, 34.2025974605831 ], [ 126.602850315612173, 34.199705751035431 ], [ 126.616442748728844, 34.183191527712161 ], [ 126.586736571036383, 34.191012618376853 ], [ 126.587697695424666, 34.172717479528217 ], [ 126.548466625950425, 34.189259504738743 ], [ 126.567345375511223, 34.223452880274749 ], [ 126.553157907583952, 34.233477772774286 ] ] ], [ [ [ 126.839288913262394, 34.312393171609457 ], [ 126.839102012615484, 34.312366355307006 ], [ 126.839110888718622, 34.31238398337274 ], [ 126.839288913262394, 34.312393171609457 ] ] ], [ [ [ 127.027345317673948, 34.338681550544649 ], [ 127.026170357759554, 34.3364866818482 ], [ 127.01788467793105, 34.338929790756438 ], [ 127.027345317673948, 34.338681550544649 ] ] ], [ [ [ 127.029815238830338, 34.339649354230168 ], [ 127.0298713683557, 34.339673491610021 ], [ 127.029904901491975, 34.339683681187019 ], [ 127.029815238830338, 34.339649354230168 ] ] ], [ [ [ 126.839355309510779, 34.312396600037125 ], [ 126.828799717455155, 34.325753933533164 ], [ 126.79396110936456, 34.315376055298636 ], [ 126.751680449558862, 34.33531816312545 ], [ 126.778056107137132, 34.332303236608723 ], [ 126.787017271698844, 34.346104837975389 ], [ 126.815726933708518, 34.336433285348129 ], [ 126.834806808928818, 34.358691699505826 ], [ 126.84796281087911, 34.344278960215426 ], [ 126.899247296003992, 34.342182773329831 ], [ 126.880439730466804, 34.329592264066541 ], [ 126.882552393512185, 34.310864007267327 ], [ 126.865856137714076, 34.322336361044286 ], [ 126.842091142766037, 34.298945610829911 ], [ 126.836801145709174, 34.306111887965429 ], [ 126.840245588797075, 34.310141475701975 ], [ 126.839990916857772, 34.311945183916919 ], [ 126.83979426877552, 34.312320576259076 ], [ 126.839605827775117, 34.312367467070708 ], [ 126.839355309510779, 34.312396600037125 ] ] ], [ [ [ 127.053594683962373, 34.336983094435283 ], [ 126.9862976131338, 34.360456513653673 ], [ 127.006870831277311, 34.356927421603345 ], [ 127.014037694226531, 34.377258959872506 ], [ 127.029893374622702, 34.3808465840469 ], [ 127.04493879548761, 34.351062419346995 ], [ 127.07612048853828, 34.361581969925609 ], [ 127.100997221262091, 34.338045028064123 ], [ 127.067528553390574, 34.347319530783643 ], [ 127.062012349778144, 34.340678077814765 ], [ 127.077145355634329, 34.332415144860839 ], [ 127.056613716430761, 34.330262565324624 ], [ 127.042124357570799, 34.308344905634158 ], [ 127.036777257501029, 34.325392169454162 ], [ 127.053594683962373, 34.336983094435283 ] ] ], [ [ [ 126.694434109680643, 34.398474590542946 ], [ 126.694423151389969, 34.39876227948244 ], [ 126.69466407637637, 34.399608556935505 ], [ 126.694434109680643, 34.398474590542946 ] ] ], [ [ [ 126.670987635447034, 34.401282428648045 ], [ 126.729166238804481, 34.380014686022911 ], [ 126.735693623576111, 34.342910436091678 ], [ 126.754169992830853, 34.3157603434164 ], [ 126.768517345682852, 34.316853549772361 ], [ 126.761595447966798, 34.300413568990848 ], [ 126.777721844281118, 34.287574642122053 ], [ 126.73447416319425, 34.304666517228668 ], [ 126.737977247796962, 34.286646898030199 ], [ 126.69479120978437, 34.292496103405973 ], [ 126.66945841571092, 34.32320309279077 ], [ 126.645563413707904, 34.328131329767828 ], [ 126.63898074218136, 34.382143241396818 ], [ 126.670987635447034, 34.401282428648045 ] ] ], [ [ [ 126.943374550857854, 34.412904653567303 ], [ 126.934985181270179, 34.383667327880651 ], [ 126.947889623733957, 34.367769342647918 ], [ 126.928753936406309, 34.370358836843067 ], [ 126.907428977934615, 34.353466021482042 ], [ 126.86370303432858, 34.373380782045466 ], [ 126.871989417894937, 34.397594568235171 ], [ 126.861751613137201, 34.406712898462722 ], [ 126.93072730607652, 34.390635675802486 ], [ 126.943374550857854, 34.412904653567303 ] ] ], [ [ [ 126.657165216715555, 34.419450761081087 ], [ 126.657208365289904, 34.419971648353389 ], [ 126.657261549062554, 34.419104949983996 ], [ 126.657165216715555, 34.419450761081087 ] ] ], [ [ [ 126.833191473466655, 34.437081876476732 ], [ 126.843522842553796, 34.42063423447587 ], [ 126.824051020528657, 34.419276394744521 ], [ 126.840147706409454, 34.410590688108861 ], [ 126.850157235894372, 34.41825977921291 ], [ 126.865648946369504, 34.389831574415432 ], [ 126.830142029883518, 34.378079452654354 ], [ 126.823351810523164, 34.386997194833867 ], [ 126.793304384081935, 34.382328262209903 ], [ 126.780756954860266, 34.353090964196205 ], [ 126.767683124524041, 34.357409264970627 ], [ 126.779382095935631, 34.381954481935381 ], [ 126.749766334161592, 34.380099459848104 ], [ 126.774928535389179, 34.422614322401493 ], [ 126.833191473466655, 34.437081876476732 ] ] ], [ [ [ 126.890432055907993, 34.456143781376724 ], [ 126.89148462210089, 34.454785412717989 ], [ 126.890285375186807, 34.455602597440304 ], [ 126.890432055907993, 34.456143781376724 ] ] ], [ [ [ 127.454821406105296, 34.475794047254816 ], [ 127.493576062877636, 34.458677009966543 ], [ 127.504501389263169, 34.473041306280358 ], [ 127.537134575802298, 34.447953359266258 ], [ 127.538360687599081, 34.43122202091461 ], [ 127.487278608072899, 34.413463231031159 ], [ 127.492993582226148, 34.431482388359086 ], [ 127.462801514031341, 34.443641447116505 ], [ 127.485339443191364, 34.447697192588507 ], [ 127.44966983494362, 34.448988084127727 ], [ 127.454821406105296, 34.475794047254816 ] ] ], [ [ [ 127.21737144382692, 34.495211239415639 ], [ 127.235015081953662, 34.475752088669417 ], [ 127.208508356022563, 34.429415452012691 ], [ 127.167202137775504, 34.435182899701097 ], [ 127.141466454126132, 34.420487510689803 ], [ 127.116276416297723, 34.447738617805022 ], [ 127.099259332837036, 34.44319102948576 ], [ 127.106406371089477, 34.454778719971003 ], [ 127.092944060226372, 34.47073248468574 ], [ 127.121112274590033, 34.490225632975431 ], [ 127.141640484415547, 34.472771755641396 ], [ 127.21737144382692, 34.495211239415639 ] ] ], [ [ [ 127.76967029444576, 34.530458157774689 ], [ 127.769697130689721, 34.53046558149537 ], [ 127.76971787822778, 34.530456140538014 ], [ 127.76967029444576, 34.530458157774689 ] ] ], [ [ [ 126.784626874525699, 34.535086200318275 ], [ 126.77868022304915, 34.532382034051139 ], [ 126.777123563966001, 34.538057797880754 ], [ 126.784626874525699, 34.535086200318275 ] ] ], [ [ [ 127.466279681754017, 34.543640536198744 ], [ 127.47881115185217, 34.536171314802537 ], [ 127.458573012783759, 34.525705060890694 ], [ 127.475665409532638, 34.515048798377883 ], [ 127.457670632842664, 34.513784527310008 ], [ 127.491108649982948, 34.508155399685094 ], [ 127.506437171005203, 34.492016116523416 ], [ 127.452562525463122, 34.478624848502157 ], [ 127.440890931990225, 34.492802994840424 ], [ 127.456083989666425, 34.510902718247827 ], [ 127.433871127315669, 34.51999409379242 ], [ 127.466279681754017, 34.543640536198744 ] ] ], [ [ [ 126.794250361441115, 34.54721869257628 ], [ 126.793551676170196, 34.547080343536479 ], [ 126.79287470887985, 34.547157533438309 ], [ 126.794250361441115, 34.54721869257628 ] ] ], [ [ [ 127.76967029444576, 34.530458157774689 ], [ 127.782157885223342, 34.51203339916129 ], [ 127.766904381900716, 34.510313061152345 ], [ 127.798555081544663, 34.496366615417699 ], [ 127.790252955489535, 34.487016971366366 ], [ 127.734798661403502, 34.503143245110998 ], [ 127.731769385120515, 34.527263830201704 ], [ 127.69630344360138, 34.538870679397391 ], [ 127.75776007332145, 34.551498318298947 ], [ 127.76967029444576, 34.530458157774689 ] ] ], [ [ [ 126.238394292824253, 34.583832844204082 ], [ 126.303627353040952, 34.570969609245068 ], [ 126.314632947105196, 34.543594423159959 ], [ 126.338983905428663, 34.551601444767357 ], [ 126.351153558842952, 34.527556059786846 ], [ 126.377379265053179, 34.512408947793837 ], [ 126.385015862367695, 34.480726025663202 ], [ 126.358241812598919, 34.480853314225833 ], [ 126.372216207651917, 34.470678281413839 ], [ 126.358399376384057, 34.457005189867843 ], [ 126.365665192619588, 34.44329478504487 ], [ 126.328998304968053, 34.394150260215682 ], [ 126.320228031345749, 34.424508496269716 ], [ 126.314251219538718, 34.40006315106335 ], [ 126.303017138774194, 34.41428046803442 ], [ 126.306443275066187, 34.401992845454075 ], [ 126.292614779774013, 34.408896581483916 ], [ 126.289492869933369, 34.394026814131472 ], [ 126.310282271725214, 34.3816875991035 ], [ 126.288545589806773, 34.364213926811715 ], [ 126.2796458211767, 34.371969875978436 ], [ 126.291876105128068, 34.391318266809719 ], [ 126.265488414139341, 34.39730771440319 ], [ 126.267272931204687, 34.377899643761509 ], [ 126.202246176013887, 34.371089181485708 ], [ 126.214179930839322, 34.360328141992454 ], [ 126.180041515163936, 34.348948871806165 ], [ 126.181281301961832, 34.359320015058685 ], [ 126.156406222168343, 34.356734674656138 ], [ 126.163749641996517, 34.364059814273929 ], [ 126.161119549402713, 34.365248180963796 ], [ 126.129996402687354, 34.35927319936075 ], [ 126.1430227584504, 34.385153487357854 ], [ 126.114539621284138, 34.381276840797582 ], [ 126.089228818254981, 34.418526177259103 ], [ 126.096080981337693, 34.435704827731968 ], [ 126.117656905130175, 34.449307197315818 ], [ 126.128267571132369, 34.443375631519807 ], [ 126.116614314227519, 34.459628751029769 ], [ 126.172418346558061, 34.484727865359424 ], [ 126.190674089504256, 34.514315590328614 ], [ 126.188336489736926, 34.496192757993462 ], [ 126.204895364442791, 34.49570401382244 ], [ 126.198309016388293, 34.509977143993297 ], [ 126.223354538276965, 34.516402587184189 ], [ 126.211797883222275, 34.526866925512394 ], [ 126.225662447501833, 34.541307892573776 ], [ 126.235969835047101, 34.536546420035876 ], [ 126.250906374380776, 34.563016742846358 ], [ 126.239750568216621, 34.564894764613577 ], [ 126.238394292824253, 34.583832844204082 ] ] ], [ [ [ 126.058193944290153, 34.62848636437279 ], [ 126.100069146412977, 34.608158024795962 ], [ 126.111424822683858, 34.588610678297918 ], [ 126.091922443430676, 34.568763959444048 ], [ 126.101983131743097, 34.557976220945847 ], [ 126.099409965889777, 34.552279586958726 ], [ 126.083375220556277, 34.556155807632514 ], [ 126.076684351890705, 34.540342431880397 ], [ 126.031230707508186, 34.530985313798112 ], [ 126.029381191398144, 34.543819172337201 ], [ 126.044707513606895, 34.537604768826036 ], [ 126.060936916938758, 34.548719595598371 ], [ 126.027681583939426, 34.552609804952134 ], [ 126.030829389866327, 34.561178319811432 ], [ 126.063941714247775, 34.559330447026248 ], [ 126.087018155314183, 34.584461242356831 ], [ 126.074624015363256, 34.58414057421524 ], [ 126.059758764842513, 34.612168647676626 ], [ 126.047321379786183, 34.610119549154604 ], [ 126.058193944290153, 34.62848636437279 ] ] ], [ [ [ 126.01744132540513, 34.635530042232524 ], [ 126.039406024539929, 34.630269901145354 ], [ 126.033229484885837, 34.611097666120614 ], [ 126.05601383590141, 34.602649655323233 ], [ 126.064429679100868, 34.583207328453071 ], [ 126.05594925463717, 34.568217231617091 ], [ 126.019172515164342, 34.564169585752012 ], [ 126.014533153113646, 34.585468236906848 ], [ 126.026746805498917, 34.592240744393848 ], [ 126.011080761324735, 34.596433104949838 ], [ 126.01744132540513, 34.635530042232524 ] ] ], [ [ [ 126.160363515758718, 34.669036117652389 ], [ 126.187212561828986, 34.652368098349243 ], [ 126.185257823143971, 34.637820191119793 ], [ 126.200262450728729, 34.642430592308102 ], [ 126.201225293603159, 34.635378626018017 ], [ 126.122030162180934, 34.615440388492921 ], [ 126.13219980741718, 34.641674178329403 ], [ 126.110275047882041, 34.644837736065782 ], [ 126.10968090223362, 34.648674245384058 ], [ 126.160363515758718, 34.669036117652389 ] ] ], [ [ [ 125.412057712372928, 34.696876171284217 ], [ 125.429295793629791, 34.684904053178229 ], [ 125.454201111777081, 34.695483250673824 ], [ 125.464090291144615, 34.687345744645036 ], [ 125.422589395015848, 34.660330648951472 ], [ 125.427555018102154, 34.645681307273094 ], [ 125.401261504463761, 34.625097919247061 ], [ 125.386708108263534, 34.65726987734682 ], [ 125.412057712372928, 34.696876171284217 ] ] ], [ [ [ 127.786394417316643, 34.712025638659966 ], [ 127.788900365513896, 34.699498925015284 ], [ 127.775868936230836, 34.702258620431337 ], [ 127.778514134001014, 34.711984016915729 ], [ 127.75917106880641, 34.703895201202435 ], [ 127.779172455839102, 34.696989634619058 ], [ 127.782997020376627, 34.671619688874813 ], [ 127.80654173113291, 34.660806805530882 ], [ 127.787951637453261, 34.607099152556508 ], [ 127.807929056233064, 34.596616158766679 ], [ 127.789666991972027, 34.584790284002025 ], [ 127.749263525637957, 34.592897685126708 ], [ 127.711707038579036, 34.621465088307886 ], [ 127.724601546535752, 34.637567216189993 ], [ 127.712200571788074, 34.643387974089173 ], [ 127.763042277140116, 34.687589180789224 ], [ 127.736912940940869, 34.73130842017963 ], [ 127.786394417316643, 34.712025638659966 ] ] ], [ [ [ 127.673547243416152, 34.745522644948096 ], [ 127.669732305804132, 34.745353650819958 ], [ 127.669738810829244, 34.745407274693278 ], [ 127.673547243416152, 34.745522644948096 ] ] ], [ [ [ 125.961381084138921, 34.737391963728037 ], [ 126.013589444833897, 34.703081029106336 ], [ 126.007745997112963, 34.685152637623467 ], [ 125.965182272579014, 34.656338919410551 ], [ 125.953701543343598, 34.658610662577772 ], [ 125.954812384808406, 34.672536400297652 ], [ 125.92061246557985, 34.671480143327557 ], [ 125.915735931564399, 34.710970410836318 ], [ 125.946621321154367, 34.714664636783027 ], [ 125.961381084138921, 34.737391963728037 ] ] ], [ [ [ 126.064358941870452, 34.768578031334691 ], [ 126.12478301013526, 34.770977277453326 ], [ 126.143864647108998, 34.75193702106256 ], [ 126.173667594133477, 34.753334180333326 ], [ 126.182830322700354, 34.723703410949064 ], [ 126.174579139351962, 34.700840110218373 ], [ 126.145565420981683, 34.701455685925609 ], [ 126.137133064129472, 34.728566057934898 ], [ 126.074787433810087, 34.708889680031817 ], [ 126.071111605311017, 34.741625418702029 ], [ 126.081892655873773, 34.750693601556634 ], [ 126.064358941870452, 34.768578031334691 ] ] ], [ [ [ 126.357801505870029, 34.779669653265849 ], [ 126.375671261140539, 34.770527971299487 ], [ 126.360299356149696, 34.744775930490832 ], [ 126.350447401389786, 34.750585529713327 ], [ 126.357801505870029, 34.779669653265849 ] ] ], [ [ [ 125.993442928806061, 34.806951711606438 ], [ 126.00053017460931, 34.789454972494504 ], [ 125.985073365035092, 34.774542630491204 ], [ 125.998816154974278, 34.77358079063611 ], [ 125.998327713096472, 34.761672910351493 ], [ 125.968276719461898, 34.758833574015938 ], [ 125.961023733709212, 34.747234422157696 ], [ 125.962687449321962, 34.762207947524907 ], [ 125.954275419424164, 34.766874606402403 ], [ 125.956142823119393, 34.753530530877917 ], [ 125.930722087543586, 34.754081584186643 ], [ 125.949780456604344, 34.733610847095719 ], [ 125.936269007517268, 34.720215667610461 ], [ 125.892843049037253, 34.727774202486657 ], [ 125.889505608711502, 34.766622331620944 ], [ 125.900011693626411, 34.780254899962351 ], [ 125.937533707887297, 34.777006135491611 ], [ 125.993442928806061, 34.806951711606438 ] ] ], [ [ [ 126.140703957046554, 34.834768252067875 ], [ 126.140679462393706, 34.834764160598809 ], [ 126.140660755437523, 34.834765379665839 ], [ 126.140703957046554, 34.834768252067875 ] ] ], [ [ [ 126.294466321138572, 34.849963392125083 ], [ 126.294125401368575, 34.849297389424997 ], [ 126.293023729546604, 34.847767759791587 ], [ 126.294466321138572, 34.849963392125083 ] ] ], [ [ [ 126.115867427288705, 34.881978153632318 ], [ 126.14383607698862, 34.880986466665981 ], [ 126.157130590703801, 34.866334967765269 ], [ 126.132737532383103, 34.859896925948753 ], [ 126.149009874821701, 34.839774416820603 ], [ 126.139739759416926, 34.835587097116061 ], [ 126.141665912526292, 34.827152900849441 ], [ 126.120231744339932, 34.83408059687558 ], [ 126.118526484681823, 34.800271533614307 ], [ 126.09404163952567, 34.797135484008521 ], [ 126.080107851008535, 34.818936534915089 ], [ 126.0753386053387, 34.794449702953877 ], [ 126.042998072594926, 34.825824267123878 ], [ 126.066430109607126, 34.813140749018764 ], [ 126.079924199547619, 34.818958944017133 ], [ 126.059646937608051, 34.847683937326089 ], [ 126.082633434160471, 34.859205784284711 ], [ 126.11518912270644, 34.850741246709489 ], [ 126.115867427288705, 34.881978153632318 ] ] ], [ [ [ 126.302505535401338, 34.853993954500858 ], [ 126.276539399315936, 34.85569480427278 ], [ 126.262826313846304, 34.839740566941927 ], [ 126.225947278387892, 34.849606402879047 ], [ 126.233020379782928, 34.864714148755347 ], [ 126.259788403033085, 34.858229228592748 ], [ 126.270056636098388, 34.8728838818515 ], [ 126.279412513435389, 34.863402207099497 ], [ 126.281076426106907, 34.887071902480805 ], [ 126.303422019820331, 34.887141626453463 ], [ 126.280546836739433, 34.909843194844846 ], [ 126.296701272736783, 34.922038048197876 ], [ 126.350467034104085, 34.898728940259033 ], [ 126.349366238119615, 34.88722019533995 ], [ 126.326364119601195, 34.891659586715335 ], [ 126.329596192166221, 34.879415898343616 ], [ 126.316950583253686, 34.882884590125798 ], [ 126.325734888163566, 34.87280716562374 ], [ 126.314464821756559, 34.866586009362166 ], [ 126.356963365764329, 34.863688844219638 ], [ 126.373051240898874, 34.833047269037529 ], [ 126.349828281018276, 34.813677824137841 ], [ 126.327329472942992, 34.822119168426532 ], [ 126.345906988878696, 34.835304328713036 ], [ 126.334285928244739, 34.848499100286936 ], [ 126.302505535401338, 34.853993954500858 ] ] ], [ [ [ 126.056397332771965, 34.938665514755968 ], [ 126.098616393682661, 34.909777226004998 ], [ 126.083649139188552, 34.895596174351326 ], [ 126.099000820096549, 34.88945829446299 ], [ 126.095281897185117, 34.876537866463373 ], [ 126.07883239999282, 34.881187816429374 ], [ 126.084369044656327, 34.864239008610298 ], [ 126.042428149694445, 34.844460258695229 ], [ 126.020214674634332, 34.861760692529288 ], [ 126.025119362134049, 34.872245408356555 ], [ 126.00803814945121, 34.859171070277235 ], [ 125.967477790098556, 34.872865067563303 ], [ 125.990161659242119, 34.876735507446746 ], [ 126.013645418755473, 34.911905413896868 ], [ 126.054602012051092, 34.912181914502725 ], [ 126.056397332771965, 34.938665514755968 ] ] ], [ [ [ 127.724048971749468, 34.947141161721802 ], [ 127.7377327464921, 34.932121740958841 ], [ 127.765208081328282, 34.93166736372779 ], [ 127.784495015000587, 34.915515745640882 ], [ 127.784240593867992, 34.88653062996962 ], [ 127.74215421478381, 34.905588049105347 ], [ 127.760997756972287, 34.90848094960662 ], [ 127.704627692673029, 34.913290031968614 ], [ 127.703919654490647, 34.929443829004022 ], [ 127.724048971749468, 34.947141161721802 ] ], [ [ 127.768349669727755, 34.911862028534735 ], [ 127.767235530358974, 34.89646306554193 ], [ 127.781724559129955, 34.896389222767347 ], [ 127.781435767349421, 34.912510262594559 ], [ 127.768349669727755, 34.911862028534735 ] ] ], [ [ [ 126.135347756389677, 35.026193509222125 ], [ 126.165528066949165, 35.020552807921149 ], [ 126.179911189971421, 34.974915898823639 ], [ 126.163515504763183, 34.962929980557647 ], [ 126.144141184433906, 34.968774992808278 ], [ 126.124877094093321, 34.94690049682734 ], [ 126.134291975639925, 34.990449376078494 ], [ 126.145158774412749, 34.988649065407024 ], [ 126.132914650303377, 35.001585541617025 ], [ 126.098002116319506, 35.002664221466638 ], [ 126.135347756389677, 35.026193509222125 ] ] ], [ [ [ 126.055612750300412, 35.075191036170615 ], [ 126.055574015463037, 35.075147985392093 ], [ 126.055000213444728, 35.07451636992996 ], [ 126.055612750300412, 35.075191036170615 ] ] ], [ [ [ 126.057886872632722, 35.076213323168844 ], [ 126.042185144515713, 35.084607878789839 ], [ 126.056045403426523, 35.095785869341768 ], [ 126.048957614148136, 35.102751449010391 ], [ 126.080750783367478, 35.107538398769691 ], [ 126.11403068664066, 35.143266520708728 ], [ 126.163870730037289, 35.145770270781604 ], [ 126.124409952485266, 35.134737687074434 ], [ 126.123532983035474, 35.081493072073314 ], [ 126.110768272817069, 35.083604615561917 ], [ 126.105361282770062, 35.088098343070385 ], [ 126.102145363359341, 35.088005960406392 ], [ 126.122379583453281, 35.077143269628579 ], [ 126.101307022817906, 35.047994397744816 ], [ 126.074114313663301, 35.059501672911146 ], [ 126.077264430964874, 35.069648916200144 ], [ 126.060379646571292, 35.068265435938528 ], [ 126.062886587867268, 35.055494105086439 ], [ 126.037659315093407, 35.065604932074521 ], [ 126.054937416782224, 35.067686498359201 ], [ 126.057886872632722, 35.076213323168844 ] ] ], [ [ [ 126.89095276205947, 34.45632174721645 ], [ 126.87058400976882, 34.455272324916635 ], [ 126.883564356656294, 34.421982832821158 ], [ 126.84422962364421, 34.451646426833221 ], [ 126.807288574414429, 34.454433514213498 ], [ 126.808107626931772, 34.468214542650173 ], [ 126.788325319794112, 34.460932376599629 ], [ 126.79689210044495, 34.547336096480429 ], [ 126.778890890472297, 34.613103972785979 ], [ 126.769165776062579, 34.526622904266141 ], [ 126.75842967844801, 34.525915236766572 ], [ 126.76577302389488, 34.499193703727101 ], [ 126.738626906262439, 34.486329320856775 ], [ 126.754503576836086, 34.471953446735263 ], [ 126.72456658963435, 34.443273642398793 ], [ 126.6733549004379, 34.427371985266511 ], [ 126.677140877695763, 34.416324996933255 ], [ 126.664417917279451, 34.426984955226651 ], [ 126.61607311491673, 34.402010243080937 ], [ 126.62033783558519, 34.359161967821834 ], [ 126.602006091444949, 34.349064713649092 ], [ 126.605630990572394, 34.315103996010336 ], [ 126.55889518074919, 34.321938602897724 ], [ 126.521852154571008, 34.292760000946309 ], [ 126.512313767563398, 34.319145535653682 ], [ 126.526915299269433, 34.334440850225754 ], [ 126.515790533968456, 34.339152452981182 ], [ 126.519887915182039, 34.360844352479056 ], [ 126.502118782928164, 34.364746769803979 ], [ 126.49855469245243, 34.356963903529994 ], [ 126.490717054750576, 34.35956850063382 ], [ 126.489100355971829, 34.356592919093629 ], [ 126.481472951256819, 34.354012918780676 ], [ 126.478732701205786, 34.349291699023091 ], [ 126.476454220606016, 34.348158090903567 ], [ 126.475220398808887, 34.348108997008474 ], [ 126.464691348949131, 34.362141441382647 ], [ 126.486950930799878, 34.364547217976941 ], [ 126.473443202791884, 34.378307951949559 ], [ 126.480976630331853, 34.382720022718352 ], [ 126.475014417736219, 34.381714187082331 ], [ 126.471384378659835, 34.382605133735453 ], [ 126.471838842074732, 34.384696898948548 ], [ 126.497350284289197, 34.385561051980048 ], [ 126.48734624183173, 34.408468480337923 ], [ 126.516791017307511, 34.414237061110846 ], [ 126.506982651695296, 34.440707530064564 ], [ 126.481945275443437, 34.425748200034981 ], [ 126.456231002053499, 34.44778299208334 ], [ 126.477587766838909, 34.450119967735326 ], [ 126.455646277814353, 34.477245486437241 ], [ 126.466256489842877, 34.48531439606024 ], [ 126.456361473297719, 34.50163359004199 ], [ 126.471217396988237, 34.506882826110392 ], [ 126.442065330910012, 34.522497063664652 ], [ 126.460455041598436, 34.532009448701217 ], [ 126.434371651776573, 34.535272981268733 ], [ 126.435689180273513, 34.549781913329753 ], [ 126.41499903644025, 34.558164448487574 ], [ 126.417659575445072, 34.547159988052655 ], [ 126.386462055993803, 34.532493419030168 ], [ 126.383352203140518, 34.561830814161844 ], [ 126.313584358701618, 34.56762871851334 ], [ 126.303767268531345, 34.577440911457295 ], [ 126.312698683051707, 34.587770860036798 ], [ 126.295336182535806, 34.600711631901198 ], [ 126.280147402333299, 34.595421721214514 ], [ 126.280250042407459, 34.611622358585933 ], [ 126.263433629859563, 34.608826477150217 ], [ 126.259004779403739, 34.612151112058882 ], [ 126.279894389031753, 34.611938230323027 ], [ 126.294168183507338, 34.629416639760557 ], [ 126.26055717125368, 34.640664757733546 ], [ 126.26843172405168, 34.64766955784831 ], [ 126.255343009427463, 34.664226354825253 ], [ 126.285812540056114, 34.757796958919414 ], [ 126.298802192299362, 34.762115047761021 ], [ 126.332484993512182, 34.740394191206995 ], [ 126.330540576952345, 34.720838072879005 ], [ 126.358415399616874, 34.693547911367837 ], [ 126.389355352555953, 34.730384822546853 ], [ 126.36056177964754, 34.742002641772935 ], [ 126.380449956478003, 34.752644892567744 ], [ 126.371755906899892, 34.754017173332443 ], [ 126.381118502836202, 34.768591452699766 ], [ 126.449769463010341, 34.782765619161935 ], [ 126.440982528999413, 34.799279053795317 ], [ 126.381984396764281, 34.779273547010447 ], [ 126.350000050446226, 34.796357040425058 ], [ 126.388300484711337, 34.836763906837 ], [ 126.41243734154213, 34.842750938068185 ], [ 126.395044090732014, 34.869409805108454 ], [ 126.401460344863111, 34.880385757692764 ], [ 126.386675545822456, 34.878130864688451 ], [ 126.405021926038856, 34.911399691679321 ], [ 126.388639923507469, 34.928219835034717 ], [ 126.3985231542988, 34.935239218198696 ], [ 126.387825932762397, 34.946951408530339 ], [ 126.393522320472442, 34.964895330034331 ], [ 126.379500594500328, 34.971210281085355 ], [ 126.373664482840169, 34.998905848133866 ], [ 126.359199085760267, 34.968520590400544 ], [ 126.373198288110771, 34.957534983315767 ], [ 126.367536014683552, 34.920049288805536 ], [ 126.329723722348803, 34.916410650386091 ], [ 126.326370646115109, 34.930644991879632 ], [ 126.306825002120362, 34.928190360098995 ], [ 126.320910272179447, 34.943452359050482 ], [ 126.295068697275994, 34.965578082214471 ], [ 126.313407603542629, 34.988394161205136 ], [ 126.327801306218703, 34.966841344893638 ], [ 126.358072021603135, 34.984299716697507 ], [ 126.358634098515026, 34.99289504551686 ], [ 126.332386439507005, 34.99337765606829 ], [ 126.390231355576134, 35.024295498200544 ], [ 126.381725359687763, 35.048751713465577 ], [ 126.352901427838162, 35.038644008863834 ], [ 126.349004492758567, 35.056960692037421 ], [ 126.331387748974308, 35.061836942483026 ], [ 126.344585259599384, 35.069684208847363 ], [ 126.336329846442922, 35.083851113833262 ], [ 126.319036411221731, 35.088572231377235 ], [ 126.316459788894932, 35.070537717151154 ], [ 126.300464670809063, 35.062015373360992 ], [ 126.314430895699232, 35.055072460107752 ], [ 126.304823405794494, 35.045483000735217 ], [ 126.29593525818396, 35.041589542674366 ], [ 126.285536457194425, 35.06207548852295 ], [ 126.260665484078331, 35.053425304088577 ], [ 126.274545131437208, 35.034441692307048 ], [ 126.249833952877751, 35.011772494693474 ], [ 126.244026511916104, 35.027200535156268 ], [ 126.227305720012197, 35.019784981653636 ], [ 126.23273412180616, 35.052968741726595 ], [ 126.161638409519369, 35.066662635834234 ], [ 126.156963870889697, 35.090600786585433 ], [ 126.190409598844099, 35.112598813559877 ], [ 126.259390466914837, 35.093664551002036 ], [ 126.243342792029537, 35.111448438396977 ], [ 126.259056798283979, 35.142887698643399 ], [ 126.27297471760663, 35.150129105886855 ], [ 126.278966845859571, 35.135695762247323 ], [ 126.320616685152388, 35.127481591426402 ], [ 126.326000429721191, 35.149585832630493 ], [ 126.34581107769533, 35.159724437684787 ], [ 126.331943546328588, 35.09324820073418 ], [ 126.353086312586257, 35.099699092028757 ], [ 126.344551197566631, 35.076660511076184 ], [ 126.366297342681065, 35.078417995987913 ], [ 126.370132635732588, 35.061778721290537 ], [ 126.391616327505133, 35.085805446805018 ], [ 126.384394713938448, 35.06671873409605 ], [ 126.396838477163982, 35.076023213308659 ], [ 126.408835064637273, 35.062497802579742 ], [ 126.39049685165206, 35.043019440867191 ], [ 126.403530361297229, 35.026990913003708 ], [ 126.427496163492691, 35.02741561507986 ], [ 126.419794516389999, 35.044276346898066 ], [ 126.457562623011171, 35.073985692260081 ], [ 126.435944987080916, 35.086323304842317 ], [ 126.465050800396625, 35.099965194821451 ], [ 126.421675554568537, 35.107069268370743 ], [ 126.383292690127817, 35.158711064991088 ], [ 126.359116774984358, 35.168896835321526 ], [ 126.354304762708153, 35.184074236995613 ], [ 126.372473006698442, 35.190069888423423 ], [ 126.376797437438086, 35.211896335479466 ], [ 126.338409809479231, 35.190940576571009 ], [ 126.342251269584807, 35.213954114856747 ], [ 126.32133432956789, 35.20388382886977 ], [ 126.314983699383916, 35.207553800967041 ], [ 126.318340018422319, 35.215239946465204 ], [ 126.315902632370467, 35.217496043187381 ], [ 126.299553804153305, 35.210803576488765 ], [ 126.296841946101054, 35.223099638862045 ], [ 126.308051416533104, 35.250904857265084 ], [ 126.328446444051835, 35.243983652950497 ], [ 126.322354760213514, 35.26305574097745 ], [ 126.347245531672385, 35.273799361492145 ], [ 126.332560053094042, 35.268088041376139 ], [ 126.329584462162387, 35.279984910736857 ], [ 126.371507042217772, 35.284309189088411 ], [ 126.397185434323148, 35.369227474478386 ], [ 126.447986587730043, 35.34858896775998 ], [ 126.407314867379739, 35.382030055664735 ], [ 126.411100382354249, 35.405611195229937 ], [ 126.402872327538873, 35.404626646588724 ], [ 126.419725511211709, 35.425899556791798 ], [ 126.409893566649615, 35.4326235772307 ], [ 126.476028255054985, 35.429328534963872 ], [ 126.492875277552088, 35.409238139873693 ], [ 126.4773810898037, 35.38617868754816 ], [ 126.497414236567593, 35.373200664292426 ], [ 126.493547412109436, 35.350384756907395 ], [ 126.512757732704159, 35.362034641102731 ], [ 126.524350977866746, 35.313943046438986 ], [ 126.584904333992881, 35.300786982179787 ], [ 126.584962930974854, 35.330182393870253 ], [ 126.604170907322015, 35.335658397696839 ], [ 126.644799075229912, 35.319775346639538 ], [ 126.666444982811186, 35.351486895027115 ], [ 126.685726178252608, 35.344235528382868 ], [ 126.722500166747565, 35.36685980721208 ], [ 126.732185423906742, 35.3831873471688 ], [ 126.722468634461066, 35.399932545550406 ], [ 126.754200294328953, 35.41650415517158 ], [ 126.737715347696124, 35.449493583751313 ], [ 126.764902620672515, 35.467058293149989 ], [ 126.813973049693047, 35.468799039827474 ], [ 126.823342691571654, 35.486913826431682 ], [ 126.843299856771324, 35.478330500491303 ], [ 126.839542880070056, 35.462321564163226 ], [ 126.89677488020078, 35.447985695674049 ], [ 126.903067529228082, 35.420626984371403 ], [ 126.935367764073249, 35.394556194164473 ], [ 126.976101444540291, 35.400045635718961 ], [ 126.971380613177303, 35.427671215705878 ], [ 126.994545527528501, 35.439804128793185 ], [ 127.000016158035166, 35.462874782053802 ], [ 127.034722147671175, 35.466571850569061 ], [ 127.037353557034947, 35.433855261358445 ], [ 127.052315207676031, 35.426516104788412 ], [ 127.046929900262754, 35.402193716489663 ], [ 127.027463156068123, 35.394679437836444 ], [ 127.07063269055314, 35.365211419961945 ], [ 127.070249251278554, 35.339636574104716 ], [ 127.05233393455218, 35.340264817458205 ], [ 127.043092010066857, 35.32188539010636 ], [ 127.105235413213762, 35.299232598823338 ], [ 127.145472547224699, 35.308980426142227 ], [ 127.186162590665433, 35.336949238306303 ], [ 127.203597601935144, 35.315667546938641 ], [ 127.222054551814608, 35.334885660310391 ], [ 127.257167702251678, 35.312459926906456 ], [ 127.309887753359419, 35.304515545281248 ], [ 127.354256028725246, 35.322355089141993 ], [ 127.384567382059203, 35.302457702734301 ], [ 127.43088799127959, 35.358112275885674 ], [ 127.470765812796245, 35.365335578298087 ], [ 127.567831216119856, 35.318515515725949 ], [ 127.615250433519876, 35.250390034032094 ], [ 127.618144124597123, 35.190898062326447 ], [ 127.688683865370791, 35.135171120811513 ], [ 127.697262906306008, 35.101778297275018 ], [ 127.765321518681105, 35.053628035220214 ], [ 127.786264870864699, 35.017610300904842 ], [ 127.780035730407661, 34.989191032213988 ], [ 127.752718274322817, 34.961994103960805 ], [ 127.767726676158148, 34.953825046243523 ], [ 127.768540190334789, 34.933794051915051 ], [ 127.744759528254193, 34.934838964530627 ], [ 127.739771883348098, 34.948871473203937 ], [ 127.751559004817295, 34.961942144359853 ], [ 127.731091211847868, 34.954852787108997 ], [ 127.701106666850734, 34.931897787230881 ], [ 127.695862464923934, 34.918952810920622 ], [ 127.672320747138386, 34.931492885548003 ], [ 127.662759295572243, 34.912416666649136 ], [ 127.670993749900177, 34.903092240640781 ], [ 127.639338489160764, 34.88378495460671 ], [ 127.624359315797406, 34.902178583830526 ], [ 127.656377224605421, 34.909259836590493 ], [ 127.62273541592053, 34.905337930465102 ], [ 127.598940866583405, 34.92628883767015 ], [ 127.578585437448965, 34.918831264832832 ], [ 127.613530147980001, 34.894780992212119 ], [ 127.589594865764639, 34.874693175179914 ], [ 127.60773349025861, 34.850765047323478 ], [ 127.636317505142458, 34.846494259519311 ], [ 127.62680847084377, 34.835349185054653 ], [ 127.636210285669961, 34.828080782216041 ], [ 127.661638508529592, 34.844608597006584 ], [ 127.670364522085848, 34.837144497445088 ], [ 127.694996824539132, 34.864737286644093 ], [ 127.743038677572159, 34.850816940563 ], [ 127.739780886051605, 34.861480899522682 ], [ 127.774082351700386, 34.86067154231538 ], [ 127.76890438092677, 34.802744079731319 ], [ 127.745175428307334, 34.777409747711928 ], [ 127.754807803059137, 34.738676981708352 ], [ 127.698397627805079, 34.721008174416724 ], [ 127.664248430466117, 34.755974980657037 ], [ 127.658064316492414, 34.755607992248521 ], [ 127.642792707657364, 34.706211526171685 ], [ 127.625037050773528, 34.718374146753412 ], [ 127.613499677442775, 34.706094950950288 ], [ 127.639458406099322, 34.683421497121117 ], [ 127.617344723337226, 34.682976128007695 ], [ 127.633117923032188, 34.670146232069307 ], [ 127.629914490101427, 34.649342134516573 ], [ 127.642657897249848, 34.650451552575547 ], [ 127.633169954172516, 34.636161702718383 ], [ 127.646189954407561, 34.628814375578266 ], [ 127.582954850516998, 34.652106452607704 ], [ 127.580998475896735, 34.630557713816835 ], [ 127.553592188026542, 34.658596232779033 ], [ 127.563555649884506, 34.675333221678549 ], [ 127.550444514537972, 34.682115548969449 ], [ 127.559378059630092, 34.700241752213181 ], [ 127.581352902901827, 34.693891275261052 ], [ 127.548412734668986, 34.712446762505579 ], [ 127.594114491526028, 34.74845560678768 ], [ 127.585072116383927, 34.767362931981232 ], [ 127.572342014507655, 34.760200339114604 ], [ 127.560073686033874, 34.777488813898877 ], [ 127.571453460526868, 34.782715431254111 ], [ 127.557431062843818, 34.806740464455928 ], [ 127.5232650806213, 34.810094154787585 ], [ 127.542983406507673, 34.843568732519095 ], [ 127.525851134717627, 34.845154114343465 ], [ 127.51785100575195, 34.878676815948097 ], [ 127.490223969182239, 34.874408167423525 ], [ 127.485958373942751, 34.841743010884855 ], [ 127.439892061218956, 34.836451840957608 ], [ 127.439169286597604, 34.846126189141685 ], [ 127.40077586160298, 34.825098424125109 ], [ 127.355009793369973, 34.840477064907752 ], [ 127.392053830821325, 34.814551628983594 ], [ 127.42615834651383, 34.815173041536738 ], [ 127.390783789919283, 34.791260910784814 ], [ 127.385655779582109, 34.774628351897839 ], [ 127.402576065833742, 34.767031751270608 ], [ 127.372927515930257, 34.741546291726429 ], [ 127.428157580061225, 34.674032210161748 ], [ 127.489501465672916, 34.649345865653672 ], [ 127.458358056160378, 34.646974237889296 ], [ 127.496370440723695, 34.631889997435046 ], [ 127.506299197198544, 34.603273019732214 ], [ 127.487478236585005, 34.573602806286978 ], [ 127.457931868751785, 34.591629618188641 ], [ 127.445121570443376, 34.576954708535979 ], [ 127.433302314234723, 34.588567288863835 ], [ 127.395364391921589, 34.586770144921637 ], [ 127.408722633256318, 34.578737991702397 ], [ 127.396333287742124, 34.559603109331306 ], [ 127.438465663846543, 34.548697175341879 ], [ 127.426739387763988, 34.542367780695216 ], [ 127.436209603298309, 34.537443623184934 ], [ 127.423436089523292, 34.528791136296029 ], [ 127.429564300391419, 34.512290646879094 ], [ 127.413549272154341, 34.52116999162714 ], [ 127.404639704869965, 34.506274386595798 ], [ 127.37610773764851, 34.503729099790988 ], [ 127.386847129315441, 34.483455349021192 ], [ 127.358661862936003, 34.492022612187007 ], [ 127.34859138890458, 34.47754182821636 ], [ 127.340092280822375, 34.48843909808491 ], [ 127.325123902858024, 34.476531991132802 ], [ 127.337262199392242, 34.467641237029191 ], [ 127.317520274291653, 34.463469972027596 ], [ 127.339661945970832, 34.44768390036819 ], [ 127.321625396003469, 34.441510118053046 ], [ 127.304841384053788, 34.450000649295411 ], [ 127.316271431600583, 34.453849227461298 ], [ 127.300920014850206, 34.4706840089585 ], [ 127.267601987514325, 34.482981595592548 ], [ 127.283458295402667, 34.497422738251288 ], [ 127.255266900347152, 34.520750740799535 ], [ 127.232439481208758, 34.518271067899896 ], [ 127.220876647029684, 34.534668464665501 ], [ 127.209277788419172, 34.516639567256021 ], [ 127.194802709495903, 34.532377631315086 ], [ 127.171706953427702, 34.519389001429275 ], [ 127.121589032257475, 34.530148708687868 ], [ 127.11408304280431, 34.55954460859094 ], [ 127.148955035352543, 34.600442839262406 ], [ 127.171234644018, 34.594213004314078 ], [ 127.172895927797526, 34.627071847204753 ], [ 127.196075549628048, 34.651390779698254 ], [ 127.227797076552221, 34.654703732445071 ], [ 127.251378873537888, 34.711736529362753 ], [ 127.280990513668812, 34.718325983933624 ], [ 127.277574110389665, 34.674477064456006 ], [ 127.314215944147264, 34.664408868712798 ], [ 127.332178277593371, 34.706294388879449 ], [ 127.344484421004012, 34.709637366505582 ], [ 127.332872513837088, 34.714830069237699 ], [ 127.326872158869591, 34.751834428631724 ], [ 127.303771658688291, 34.749732484962394 ], [ 127.292697606468366, 34.730946147333093 ], [ 127.272127453286402, 34.74170968899503 ], [ 127.264294020638999, 34.731673879953817 ], [ 127.241844916049956, 34.760008082788531 ], [ 127.208985779383411, 34.737594606157153 ], [ 127.184647787404387, 34.694541603316097 ], [ 127.12425770129434, 34.701355108667556 ], [ 127.106798099569602, 34.677422305392795 ], [ 127.066682403081714, 34.663241908220044 ], [ 127.046140645392697, 34.634965902719991 ], [ 127.013788631799613, 34.62490479162151 ], [ 126.95698606856763, 34.630561301985274 ], [ 126.994131678554211, 34.623278182349971 ], [ 127.009056766724385, 34.607603672573255 ], [ 126.978977453913913, 34.574116585387813 ], [ 127.006797232218219, 34.569656476320006 ], [ 127.003185292035994, 34.554939918628435 ], [ 126.989129619738847, 34.561661257336183 ], [ 126.989328234358339, 34.539690863081198 ], [ 126.963749409356325, 34.496547824711364 ], [ 126.978741602283293, 34.471284115311349 ], [ 126.956075523841776, 34.468354040330361 ], [ 126.944148643306733, 34.482884128553472 ], [ 126.938820068003679, 34.447265790470389 ], [ 126.925488779081817, 34.452731816936236 ], [ 126.89095276205947, 34.45632174721645 ] ], [ [ 126.478176683208801, 34.738991371002122 ], [ 126.456803678382514, 34.728144275349521 ], [ 126.449727024923249, 34.743709305869054 ], [ 126.425534346592784, 34.744222328412519 ], [ 126.423811818830046, 34.72804879197156 ], [ 126.395882918478293, 34.740374361239816 ], [ 126.388281159288084, 34.725777681345058 ], [ 126.462859400800937, 34.709453035631526 ], [ 126.478176683208801, 34.738991371002122 ] ], [ [ 126.809486788734773, 35.052287925568699 ], [ 126.855609249865736, 35.078359530915726 ], [ 126.918028413595522, 35.091523237816162 ], [ 126.932296201061902, 35.074392322817239 ], [ 126.953899078196756, 35.074100329684256 ], [ 127.010608039198374, 35.124313972655351 ], [ 127.007743482389557, 35.155928691889073 ], [ 127.021416484632454, 35.17303799991619 ], [ 126.999968909104339, 35.18881609534899 ], [ 126.968147157886563, 35.181142731954722 ], [ 126.94879315722136, 35.229158806954111 ], [ 126.914608346483035, 35.258209780720811 ], [ 126.805390433568704, 35.218274979247667 ], [ 126.755259107757482, 35.234361236523341 ], [ 126.760289365398961, 35.258703976894076 ], [ 126.737240232588036, 35.252885388310894 ], [ 126.71773631733403, 35.21241581683423 ], [ 126.687053426894792, 35.215194053459555 ], [ 126.677117467737389, 35.191046787661165 ], [ 126.653203933183221, 35.192518026764667 ], [ 126.672116731252629, 35.173089757201801 ], [ 126.644977611462522, 35.146555549486273 ], [ 126.651723497170195, 35.120509787671736 ], [ 126.669420889155589, 35.104602448857598 ], [ 126.732656038944896, 35.112855427168824 ], [ 126.771346364370331, 35.070183313270519 ], [ 126.754138452195093, 35.066851558957261 ], [ 126.756737217531295, 35.058244414645188 ], [ 126.809486788734773, 35.052287925568699 ] ] ] ] } },
{ "type": "Feature", "properties": { "sido": "경북", "code": "37", "name_eng": "Gyeongsangbuk-do" }, "geometry": { "type": "MultiPolygon", "coordinates": [ [ [ [ 129.476195214268643, 35.692768531121011 ], [ 129.47624200858391, 35.692740139763572 ], [ 129.476231023607397, 35.692739216443414 ], [ 129.476195214268643, 35.692768531121011 ] ] ], [ [ [ 129.401191997568191, 36.038989453970039 ], [ 129.401163347972897, 36.038980273978197 ], [ 129.401173689090768, 36.038984114252614 ], [ 129.401191997568191, 36.038989453970039 ] ] ], [ [ [ 129.411591145514592, 36.07245057324274 ], [ 129.411603962985936, 36.071672322287576 ], [ 129.411342009684518, 36.071991197374132 ], [ 129.411591145514592, 36.07245057324274 ] ] ], [ [ [ 129.419182026960158, 36.892381622308321 ], [ 129.419625814340947, 36.891509480709736 ], [ 129.419508910899282, 36.891549272085349 ], [ 129.419182026960158, 36.892381622308321 ] ] ], [ [ [ 129.419182026960158, 36.892381622308321 ], [ 129.423526536998224, 36.859443795589911 ], [ 129.478036737292285, 36.768268061586348 ], [ 129.468043034528847, 36.757364798134013 ], [ 129.476969165622563, 36.727934476343464 ], [ 129.465350289786926, 36.67968049360541 ], [ 129.438564046857493, 36.671394364407391 ], [ 129.412104638409858, 36.622359748457448 ], [ 129.412164145521785, 36.586047449253861 ], [ 129.440314229045072, 36.552274357367345 ], [ 129.453297592165626, 36.508185748488124 ], [ 129.432921024297144, 36.481188770156365 ], [ 129.43595240245665, 36.425463665130813 ], [ 129.388026932230559, 36.355539925534664 ], [ 129.37457565953909, 36.288174871101269 ], [ 129.38656318699438, 36.217482665009044 ], [ 129.372696195548116, 36.196807513764483 ], [ 129.393446251335149, 36.181401277964603 ], [ 129.397953214495857, 36.134591028458736 ], [ 129.439901178933638, 36.11248478301318 ], [ 129.431241102757895, 36.112442369118753 ], [ 129.439579462028803, 36.097272930839388 ], [ 129.372593834780417, 36.049867028739989 ], [ 129.385790084315204, 36.028493419378563 ], [ 129.411895120771391, 36.035884783657202 ], [ 129.40150400490549, 36.039089442792552 ], [ 129.431541163647694, 36.03037628105357 ], [ 129.395564481605504, 36.017941553342176 ], [ 129.407019939220589, 36.008901860765391 ], [ 129.423945919146433, 36.022385829875624 ], [ 129.414144393089003, 36.004578008825746 ], [ 129.42358907929497, 36.010123599922323 ], [ 129.422590676812689, 36.000398304714423 ], [ 129.451490525646165, 35.991578340292122 ], [ 129.503234495620177, 36.025687453787427 ], [ 129.555606014561818, 36.086082779609725 ], [ 129.583606855684536, 36.046289719212623 ], [ 129.584418968827606, 36.016537844472722 ], [ 129.552544696582544, 35.987294199996605 ], [ 129.546433636844995, 35.953440782682641 ], [ 129.519055575451262, 35.929033866211306 ], [ 129.534140018342697, 35.900299887228115 ], [ 129.518836584012661, 35.873666416992016 ], [ 129.534336397942099, 35.868413003308554 ], [ 129.510127474421182, 35.826040561675562 ], [ 129.512132289931117, 35.806399999647653 ], [ 129.491707033060834, 35.788098932156693 ], [ 129.481848828147321, 35.707100828561757 ], [ 129.449787039758718, 35.651069277273557 ], [ 129.353558726273633, 35.679380231730839 ], [ 129.296422908890747, 35.6435124421618 ], [ 129.255503707001736, 35.660455678014777 ], [ 129.256850437473474, 35.700703367386843 ], [ 129.208630373151152, 35.721169132892705 ], [ 129.160314959245909, 35.714810106181616 ], [ 129.144532591206456, 35.72482706301264 ], [ 129.077221075686595, 35.692935621615426 ], [ 129.067273361175012, 35.661991951877837 ], [ 129.080854799271009, 35.643253135570546 ], [ 129.046901081786956, 35.650517607354637 ], [ 129.03696705885028, 35.632461729800923 ], [ 129.020909216551786, 35.635083107504705 ], [ 128.986749719711611, 35.609120194720163 ], [ 128.91505369893332, 35.640618745267666 ], [ 128.877078386150629, 35.633704940624902 ], [ 128.844733219995106, 35.589624030193519 ], [ 128.802645463255061, 35.589146947770466 ], [ 128.785528692045858, 35.566888162395792 ], [ 128.703308409032758, 35.578010111942369 ], [ 128.687603665032469, 35.595025128457493 ], [ 128.584752578101501, 35.586464754427844 ], [ 128.536625659389131, 35.624261428383171 ], [ 128.527904867495096, 35.712740795219162 ], [ 128.580515904865592, 35.738666603619826 ], [ 128.612434666692536, 35.738518904838756 ], [ 128.619776711817025, 35.702850060206693 ], [ 128.68323970931894, 35.721454443732426 ], [ 128.695485636031378, 35.755742183888977 ], [ 128.682501967304347, 35.790131300958038 ], [ 128.717520613895829, 35.806847078473346 ], [ 128.708637346926537, 35.826567938582393 ], [ 128.725079727588934, 35.836158570562766 ], [ 128.721874094527777, 35.85694779416847 ], [ 128.738572366164675, 35.851298225672885 ], [ 128.759795294189985, 35.866074945320207 ], [ 128.759801368463684, 35.906833322022365 ], [ 128.736708799728035, 35.929574029297612 ], [ 128.746210255326559, 35.972868627867598 ], [ 128.726877926216645, 36.003227909723115 ], [ 128.695596429221411, 36.016165123106596 ], [ 128.618669654450912, 36.006411645288516 ], [ 128.55333081424817, 35.960780378289869 ], [ 128.528789197273426, 35.980381841465707 ], [ 128.534375078262173, 35.935333871197528 ], [ 128.501494070537376, 35.886765915631514 ], [ 128.468379043352627, 35.899470833146715 ], [ 128.476418867156269, 35.934439337178148 ], [ 128.454155274638282, 35.943149437738512 ], [ 128.398976687982042, 35.899926525061723 ], [ 128.383510174053896, 35.85283465134426 ], [ 128.450001558642782, 35.84665686952372 ], [ 128.482952306512516, 35.818005752514004 ], [ 128.470433155250703, 35.805922336109312 ], [ 128.420829515983883, 35.809354574954767 ], [ 128.383469272500179, 35.760086848407774 ], [ 128.431815913099086, 35.725598100156247 ], [ 128.432146628389006, 35.704894546623642 ], [ 128.41220175681832, 35.695841901148995 ], [ 128.351796747115543, 35.704015638143211 ], [ 128.358230424270744, 35.68079352012515 ], [ 128.401460413546971, 35.639015230255005 ], [ 128.371747624781221, 35.61088094214918 ], [ 128.352137716181488, 35.644582793042225 ], [ 128.305989683572221, 35.655476191817336 ], [ 128.262343809653288, 35.642736938803537 ], [ 128.24221305323681, 35.655246167419307 ], [ 128.229731650981222, 35.639459295213754 ], [ 128.1852370336955, 35.657672566393352 ], [ 128.161498262417552, 35.653787361055294 ], [ 128.163675803497028, 35.672974667745748 ], [ 128.204818497134795, 35.6839232063381 ], [ 128.201968361057936, 35.719174467929015 ], [ 128.159035141397538, 35.78367170443461 ], [ 128.12885872909618, 35.789399962729831 ], [ 128.123055981786877, 35.822432663245635 ], [ 128.069785790146852, 35.841201899584334 ], [ 128.011215541740768, 35.829078867316582 ], [ 127.981749091581392, 35.858735241913536 ], [ 127.925782793425498, 35.855622736193574 ], [ 127.933081626159364, 35.864004868937407 ], [ 127.92022246507635, 35.893218885978342 ], [ 127.884783349434556, 35.893106533461392 ], [ 127.882236813674936, 35.928884029009502 ], [ 127.91136737877143, 35.949181509183774 ], [ 127.893218277124745, 35.986784489630473 ], [ 127.875597409644229, 35.996912756317904 ], [ 127.87678791734713, 36.022706840580049 ], [ 127.960874291539639, 36.070338993921489 ], [ 127.966795819614845, 36.118060539512378 ], [ 127.987784027399712, 36.128818494361191 ], [ 127.997197387742347, 36.155467194289997 ], [ 127.978016133245234, 36.198110662690397 ], [ 128.009748018262201, 36.209362069976962 ], [ 128.038633672576509, 36.194158060529297 ], [ 128.058146144252163, 36.201245015340305 ], [ 128.029902143610855, 36.240012986161709 ], [ 128.047352430139739, 36.256551059302183 ], [ 128.026224893125004, 36.267896010480968 ], [ 127.960167419942323, 36.252371206866357 ], [ 127.908109242269859, 36.285509546313726 ], [ 127.904286812003917, 36.301453962862595 ], [ 127.882635549853319, 36.273749667204804 ], [ 127.852119489497326, 36.273924106479768 ], [ 127.841478173066093, 36.310001619331523 ], [ 127.891259684959394, 36.359664035434221 ], [ 127.875722402851437, 36.390593211070048 ], [ 127.862904645871794, 36.3929679528311 ], [ 127.882710369416046, 36.422173646035922 ], [ 127.872994316284661, 36.424282234139682 ], [ 127.876094690609932, 36.488368080411192 ], [ 127.906336327953753, 36.506944135055853 ], [ 127.902463270799203, 36.528069620870653 ], [ 127.876091803700817, 36.537015190556914 ], [ 127.860422748220074, 36.567950700191261 ], [ 127.824471195574318, 36.570907478871085 ], [ 127.796152134002426, 36.595264536409864 ], [ 127.820997802326332, 36.613306993152833 ], [ 127.858303519494925, 36.613532844235898 ], [ 127.846753174534086, 36.633988883242083 ], [ 127.879565693247642, 36.65676418893802 ], [ 127.889653162692383, 36.629349056661248 ], [ 127.925241686220261, 36.602814206228288 ], [ 127.939209439077217, 36.64706147195507 ], [ 127.929571952743615, 36.668765076940304 ], [ 127.874292897520945, 36.681960955802438 ], [ 127.893890046897198, 36.694382492324664 ], [ 127.928919212978698, 36.690838598690711 ], [ 127.933569173969389, 36.706487371944782 ], [ 127.949528366541145, 36.708050166696339 ], [ 127.958455438849725, 36.736844857361277 ], [ 127.986848258026455, 36.71754933364749 ], [ 128.01484218748385, 36.73019132057906 ], [ 128.070383802091271, 36.707704614824351 ], [ 128.067987968708735, 36.72223411208055 ], [ 128.032324689737777, 36.747575855477223 ], [ 128.059636565654074, 36.816772692344237 ], [ 128.090067794506069, 36.796637530873731 ], [ 128.133571106637305, 36.832795333396014 ], [ 128.215369544959344, 36.81200227496376 ], [ 128.21125155768209, 36.846901160433255 ], [ 128.237022543525427, 36.845345917185718 ], [ 128.241825698335958, 36.872325680085474 ], [ 128.282475755485535, 36.855962777888884 ], [ 128.316450392416471, 36.816661643646675 ], [ 128.36408420522946, 36.80221565653536 ], [ 128.383339086475274, 36.813757910255895 ], [ 128.420478921509073, 36.811513708065668 ], [ 128.449031063554884, 36.847842140791222 ], [ 128.447998099378395, 36.864388359224911 ], [ 128.423969749962566, 36.876528450434527 ], [ 128.441745772666678, 36.927364536294427 ], [ 128.515474802342681, 36.986823420340919 ], [ 128.554731219586301, 36.998286065028324 ], [ 128.572905950550904, 37.020799655313574 ], [ 128.565644721976071, 37.031530249017123 ], [ 128.583525927216698, 37.043733645805737 ], [ 128.606788373741637, 37.043395790549319 ], [ 128.608436857770045, 37.052814518554996 ], [ 128.632924771588165, 37.040501871170378 ], [ 128.653303907988914, 37.065514991776212 ], [ 128.753764945819512, 37.02783249070373 ], [ 128.762544562600084, 37.037856568512581 ], [ 128.756552085703504, 37.068631836931125 ], [ 128.765356077887276, 37.064034530261523 ], [ 128.780282276080811, 37.092342723138088 ], [ 128.807871130324543, 37.076004643234235 ], [ 128.82938357529207, 37.078459060123542 ], [ 128.846874762865184, 37.051606614995244 ], [ 128.896419687465595, 37.044515657014045 ], [ 128.923315526948358, 37.092116952666174 ], [ 129.057403969097976, 37.065051005660749 ], [ 129.070420343323178, 37.088222449278042 ], [ 129.096251125015783, 37.100414653995834 ], [ 129.166136386654159, 37.069157801843225 ], [ 129.185409487142635, 37.041719080836351 ], [ 129.238012437482723, 37.038665310215499 ], [ 129.225377709111001, 37.073720113342894 ], [ 129.272019133051799, 37.117008132955391 ], [ 129.294591624673075, 37.11436511545827 ], [ 129.33950600512884, 37.146829686916753 ], [ 129.365951225141487, 37.144631592288199 ], [ 129.379603455883995, 37.099064840294623 ], [ 129.430172110897871, 37.058314418261133 ], [ 129.415079687260004, 37.053254745859306 ], [ 129.409442407538961, 37.027864084816805 ], [ 129.419182026960158, 36.892381622308321 ] ] ], [ [ [ 131.87032928683368, 37.241981871206377 ], [ 131.87023295771624, 37.23817136137972 ], [ 131.867213003653603, 37.238900547845866 ], [ 131.87032928683368, 37.241981871206377 ] ] ], [ [ [ 131.862754091231068, 37.242269679866894 ], [ 131.865486832382345, 37.240051432944576 ], [ 131.863083487597152, 37.240636613151537 ], [ 131.862754091231068, 37.242269679866894 ] ] ], [ [ [ 130.902959145700521, 37.548995439876187 ], [ 130.919545306134239, 37.540821794741191 ], [ 130.908070431650799, 37.528336345416264 ], [ 130.917583051906121, 37.513435843618304 ], [ 130.90992468425938, 37.49537447297557 ], [ 130.920828636278287, 37.486338278701083 ], [ 130.884049022776395, 37.470549428977527 ], [ 130.875047179822587, 37.453587907699202 ], [ 130.802089099771337, 37.484021108951801 ], [ 130.79368901451997, 37.523031864549836 ], [ 130.902959145700521, 37.548995439876187 ] ] ] ] } },
{ "type": "Feature", "properties": { "sido": "경남", "code": "38", "name_eng": "Gyeongsangnam-do" }, "geometry": { "type": "MultiPolygon", "coordinates": [ [ [ [ 128.354858496825472, 34.838851272933638 ], [ 128.385269413135319, 34.813523012563557 ], [ 128.38399295345053, 34.829524804166581 ], [ 128.392786927659756, 34.823218321174252 ], [ 128.421324243799887, 34.835680343002103 ], [ 128.440699297756851, 34.828060781458454 ], [ 128.442261503894656, 34.803563134566481 ], [ 128.431147923225865, 34.802303939782988 ], [ 128.440138042127757, 34.794678360976313 ], [ 128.419580195819691, 34.792448166942805 ], [ 128.43581168856096, 34.780565135955676 ], [ 128.423767416462965, 34.762020971957597 ], [ 128.39754555820133, 34.765385825129627 ], [ 128.38365975987054, 34.79688288604418 ], [ 128.36368407147674, 34.796492307027854 ], [ 128.378267356191429, 34.798618504365734 ], [ 128.378918639137964, 34.815405986901048 ], [ 128.357337903707617, 34.825482383158246 ], [ 128.33493553707433, 34.818089364630971 ], [ 128.338073709545995, 34.84265499450585 ], [ 128.344431191723714, 34.831447549931013 ], [ 128.354858496825472, 34.838851272933638 ] ] ], [ [ [ 127.903848410176352, 34.860690833276365 ], [ 127.903900467200216, 34.860710106178651 ], [ 127.904296976748213, 34.860720525650926 ], [ 127.903848410176352, 34.860690833276365 ] ] ], [ [ [ 128.032747799604039, 34.920028872653866 ], [ 128.00998837808956, 34.867391104630535 ], [ 128.024305538507861, 34.865815646596012 ], [ 128.021808712162567, 34.881625448577452 ], [ 128.035525291022481, 34.897472060295939 ], [ 128.047738957147288, 34.896974816165574 ], [ 128.040678925124411, 34.888798854839798 ], [ 128.066915396994773, 34.874331389142377 ], [ 128.053351741816101, 34.852647191163598 ], [ 128.086827432280899, 34.82802035633766 ], [ 128.024131840764284, 34.84729011618515 ], [ 128.001382999623786, 34.835968774656692 ], [ 127.969290081327898, 34.843391762641907 ], [ 127.963465325375012, 34.87135529785111 ], [ 128.002838914472591, 34.915263690772008 ], [ 128.032747799604039, 34.920028872653866 ] ] ], [ [ [ 127.83131967443498, 34.939492053635497 ], [ 127.831075572583956, 34.939477881866267 ], [ 127.831163568768986, 34.939538861711235 ], [ 127.83131967443498, 34.939492053635497 ] ] ], [ [ [ 127.903848410176352, 34.860690833276365 ], [ 127.953637020937194, 34.805010658790295 ], [ 127.989706130570099, 34.832288365312913 ], [ 128.030600388226276, 34.834315491047072 ], [ 128.066644621766159, 34.818153978079231 ], [ 128.050918686338917, 34.79631979635662 ], [ 128.059843401543304, 34.795607846415002 ], [ 128.049081028596675, 34.780971924278035 ], [ 128.056441483257402, 34.745688723399432 ], [ 128.033937663468066, 34.723800493457006 ], [ 128.060221920465779, 34.709380647837691 ], [ 128.019508801974467, 34.702448904697519 ], [ 128.026149571721277, 34.718425618655473 ], [ 128.014968689952525, 34.724167575793189 ], [ 128.007195997727337, 34.711128056658346 ], [ 127.989070299790654, 34.720413225077976 ], [ 127.984341288024609, 34.709232908838452 ], [ 127.957106340659962, 34.709390649671313 ], [ 127.944144981918043, 34.746929276108212 ], [ 127.949008857059567, 34.777552296197094 ], [ 127.903395255559957, 34.765006213329841 ], [ 127.906084973166216, 34.727732865459863 ], [ 127.857431687730994, 34.727947814230205 ], [ 127.853444650040458, 34.74755752837914 ], [ 127.835439697253832, 34.75603535568586 ], [ 127.857806889784996, 34.776152349064702 ], [ 127.844536194044053, 34.778942299644953 ], [ 127.807706307388557, 34.853312115303133 ], [ 127.82844990745275, 34.875777942759576 ], [ 127.825714196901359, 34.902648059329884 ], [ 127.862106918623468, 34.90141199691616 ], [ 127.851551880105262, 34.915875889678269 ], [ 127.870709806974318, 34.941974689898352 ], [ 127.925456363595615, 34.940666113984463 ], [ 127.925405172898778, 34.891648774256076 ], [ 127.901291474747609, 34.883985441845923 ], [ 127.903848410176352, 34.860690833276365 ] ] ], [ [ [ 128.021769655580044, 35.030669936600646 ], [ 128.02238699450902, 35.030544458288823 ], [ 128.022415614255038, 35.030438793315533 ], [ 128.021769655580044, 35.030669936600646 ] ] ], [ [ [ 128.673670485701138, 34.786636845323834 ], [ 128.637824771190481, 34.763891146622534 ], [ 128.652509728771065, 34.742299116920961 ], [ 128.681015042296622, 34.740107446744929 ], [ 128.676123465378907, 34.728951204041678 ], [ 128.671591106492571, 34.739069454902825 ], [ 128.62737686340563, 34.736953106718282 ], [ 128.620096369363921, 34.730403417544316 ], [ 128.638190565913277, 34.707622692945975 ], [ 128.576836174054364, 34.702551705851448 ], [ 128.584736020519472, 34.722641204216288 ], [ 128.607393682318929, 34.731818959930109 ], [ 128.575671843099627, 34.739327338231725 ], [ 128.579678170011476, 34.76224658468751 ], [ 128.601045256164952, 34.763960576862466 ], [ 128.597776150728407, 34.7770366502615 ], [ 128.555398828713493, 34.766528390610851 ], [ 128.568730326843479, 34.786464892068601 ], [ 128.543024312160384, 34.775284456779382 ], [ 128.538651210005071, 34.787473719584483 ], [ 128.584174404705095, 34.797831637163448 ], [ 128.59545318780647, 34.82766033693165 ], [ 128.57858755131295, 34.843181477585354 ], [ 128.588775070481205, 34.846978898758131 ], [ 128.573016322641962, 34.854289120434125 ], [ 128.563668619730294, 34.832862172847541 ], [ 128.52401570495644, 34.83248282003948 ], [ 128.528294199437227, 34.821427227941676 ], [ 128.510678672540394, 34.808959731937996 ], [ 128.504762491926044, 34.835384176866683 ], [ 128.482131890911944, 34.840227450196195 ], [ 128.472624653374368, 34.872114385795676 ], [ 128.49686401218483, 34.90700076245664 ], [ 128.506617652138118, 34.905299703134133 ], [ 128.500093187098287, 34.911027278063372 ], [ 128.527507841929548, 34.923584715478363 ], [ 128.568876735492523, 34.898452449742493 ], [ 128.577026427686491, 34.9176643348083 ], [ 128.597201438537013, 34.902572223284722 ], [ 128.599365865029938, 34.913855044229827 ], [ 128.623913343420952, 34.892017644555054 ], [ 128.588034805026041, 34.952538730725713 ], [ 128.606240383574914, 34.969984007418837 ], [ 128.605096766838557, 34.957922306885969 ], [ 128.632535287109675, 34.966923418244036 ], [ 128.649396586714488, 34.957304596110291 ], [ 128.653986935313668, 34.988795004896076 ], [ 128.667220609367234, 34.988221753659566 ], [ 128.659536994308439, 34.997674794548779 ], [ 128.681494091125899, 34.989801504575901 ], [ 128.673169931124562, 34.999153185849011 ], [ 128.681789817187138, 35.007052590435251 ], [ 128.667442262770578, 35.007872017968353 ], [ 128.678718454110026, 35.040751384035069 ], [ 128.719991986879904, 35.019215598840127 ], [ 128.702072827576757, 35.006154565367829 ], [ 128.706569249806421, 34.996201699387434 ], [ 128.692912767098164, 34.995733024613678 ], [ 128.696785204294031, 34.972933456165407 ], [ 128.72707779502943, 34.946062851697825 ], [ 128.714915328547676, 34.936320223681527 ], [ 128.71734210934838, 34.900573504532161 ], [ 128.696673961105631, 34.891306980516916 ], [ 128.694869765773575, 34.878759562341337 ], [ 128.698033279291678, 34.883669620222427 ], [ 128.701475351030751, 34.886343818631559 ], [ 128.69766315550541, 34.874934702951691 ], [ 128.707584419188976, 34.881407835221367 ], [ 128.709844625104523, 34.868837667150189 ], [ 128.725781199830976, 34.887826453492977 ], [ 128.719628229723241, 34.894624445211583 ], [ 128.739959821326266, 34.884877245297751 ], [ 128.752505254946072, 34.894233929502455 ], [ 128.738565451072475, 34.878421102548614 ], [ 128.743842944578631, 34.868212930758354 ], [ 128.723745459154372, 34.864861825951643 ], [ 128.735081660302768, 34.843303767524773 ], [ 128.717565802101348, 34.849650641303704 ], [ 128.701791281877405, 34.839170764967371 ], [ 128.709933318278445, 34.828437394161412 ], [ 128.716410787793563, 34.835734384527768 ], [ 128.720646022898677, 34.83843167243289 ], [ 128.739894336586616, 34.786942226058471 ], [ 128.709523950196939, 34.795129290553348 ], [ 128.709522950008193, 34.812360857233173 ], [ 128.690469962657545, 34.796998749656289 ], [ 128.692229684677727, 34.807602815146815 ], [ 128.67323492585021, 34.814125907847597 ], [ 128.673670485701138, 34.786636845323834 ] ] ], [ [ [ 128.461077703851259, 35.08964614618116 ], [ 128.461087894924361, 35.089663177319792 ], [ 128.461698345223226, 35.090142948822525 ], [ 128.461077703851259, 35.08964614618116 ] ] ], [ [ [ 128.461077703851259, 35.08964614618116 ], [ 128.479268954198176, 35.078399365728295 ], [ 128.439400296664871, 35.072334281494541 ], [ 128.427856743306364, 35.055122696280399 ], [ 128.412155819321157, 35.061907029298503 ], [ 128.364272032815251, 35.046892272169785 ], [ 128.382216355749563, 35.035919084867004 ], [ 128.367701918329118, 35.016823057392394 ], [ 128.388900818067725, 35.016957887312657 ], [ 128.383619547910769, 35.035596485266645 ], [ 128.438132323984888, 35.045671642732607 ], [ 128.450617642385168, 35.051804162231676 ], [ 128.445215397165981, 35.066979980399083 ], [ 128.460254993137966, 35.063152856265297 ], [ 128.468927231561537, 35.075606032073459 ], [ 128.482091152237643, 35.05242063994995 ], [ 128.459099974276114, 35.046766481889634 ], [ 128.500428160561711, 35.020763056339263 ], [ 128.478150411761504, 34.992806530843986 ], [ 128.464133650867154, 34.997832870167649 ], [ 128.466638958268078, 34.988047912340768 ], [ 128.407346899462624, 34.994063307235081 ], [ 128.409519716922063, 34.983540194283698 ], [ 128.443682826494097, 34.977660664316438 ], [ 128.424770740099319, 34.940298066976951 ], [ 128.43599421678374, 34.93144799214641 ], [ 128.417737033651946, 34.910203779830525 ], [ 128.421373693073178, 34.872964037537827 ], [ 128.445531182968438, 34.888499171507512 ], [ 128.451433678060397, 34.902859899334516 ], [ 128.440419831688473, 34.913340420418329 ], [ 128.47548635220744, 34.890125774886876 ], [ 128.466296436461818, 34.871125096731753 ], [ 128.455514989572009, 34.882022152763547 ], [ 128.452278759836275, 34.846656654470543 ], [ 128.435177176473701, 34.838182366474435 ], [ 128.424586383049558, 34.844480981032937 ], [ 128.39269671089798, 34.829477703843779 ], [ 128.369600709401055, 34.85002063569889 ], [ 128.419368321589758, 34.86546877420939 ], [ 128.385588693293727, 34.868182767208971 ], [ 128.390959107594114, 34.873614108056472 ], [ 128.376320756644304, 34.891131580057213 ], [ 128.374377743130623, 34.869475578208878 ], [ 128.356005793443956, 34.871098202844628 ], [ 128.349081916562284, 34.887498126051433 ], [ 128.348284041315509, 34.873095266880554 ], [ 128.340677324060323, 34.882300826940586 ], [ 128.328320484252515, 34.875900709923762 ], [ 128.328464224121376, 34.886283612273274 ], [ 128.316971806462846, 34.87979461338908 ], [ 128.297971861868405, 34.899799297185353 ], [ 128.354463564483666, 34.908018426699954 ], [ 128.350640627476793, 34.923646829009755 ], [ 128.335475866886526, 34.921436002342624 ], [ 128.346609950623787, 34.932833509958293 ], [ 128.335067753098485, 34.936429359274278 ], [ 128.340498937605361, 34.948436907615203 ], [ 128.320279559859813, 34.962917174496916 ], [ 128.319935949475877, 34.94446462716899 ], [ 128.299336102452514, 34.935931662619645 ], [ 128.300313117483654, 34.91266264258897 ], [ 128.281175653145084, 34.916083198531084 ], [ 128.28281040862791, 34.904486041032676 ], [ 128.272860323584808, 34.899709142096732 ], [ 128.257566048531771, 34.930004463415919 ], [ 128.267665509253277, 34.938929565675302 ], [ 128.245858390202983, 34.943322362588106 ], [ 128.196989548283852, 34.93720623662071 ], [ 128.202193305655754, 34.893987806996293 ], [ 128.187515321024364, 34.893626121034522 ], [ 128.185874056450416, 34.905999690578838 ], [ 128.183818351061291, 34.894859039723883 ], [ 128.175423388408575, 34.906146356385285 ], [ 128.176513999441994, 34.895398845635519 ], [ 128.167099313532304, 34.896934628878938 ], [ 128.156256602412384, 34.909034215879046 ], [ 128.133180219261561, 34.888190154466542 ], [ 128.12082404434716, 34.904748180360883 ], [ 128.103069339505282, 34.900154094918619 ], [ 128.111143327541612, 34.902677369033192 ], [ 128.103462138736433, 34.919072838780046 ], [ 128.111908355498826, 34.922969769249939 ], [ 128.116831650179222, 34.920716572997328 ], [ 128.121589450375012, 34.922852816929897 ], [ 128.095688106082548, 34.926392154486258 ], [ 128.0887283104407, 34.918948508889322 ], [ 128.083227213927728, 34.917002924938359 ], [ 128.08801070259122, 34.92617337213504 ], [ 128.054738074749451, 34.928721516817689 ], [ 128.029828705814083, 34.957806401692771 ], [ 128.052355164160872, 34.976966193174668 ], [ 128.038737367937642, 34.996653286889746 ], [ 128.050495258827539, 35.016094598741027 ], [ 128.035383830816187, 35.023555967155218 ], [ 128.054124474927562, 35.081710979949904 ], [ 128.03457493107652, 35.077428657544395 ], [ 128.020034560434596, 35.028245288278882 ], [ 128.005640854206263, 35.033406796968755 ], [ 128.019461658325156, 35.040744012865893 ], [ 128.009891080730767, 35.049911367207038 ], [ 128.01410706264349, 35.039631559375472 ], [ 127.987138658223813, 35.046530087718999 ], [ 127.976099410702219, 35.033022702354273 ], [ 127.996108021352086, 35.03774090683855 ], [ 128.018400557068674, 35.010049737466119 ], [ 128.008060552869807, 34.982299287646022 ], [ 127.997508590879065, 34.995983310079339 ], [ 127.982693039218134, 34.975828680152404 ], [ 127.964490991884986, 34.994890140228492 ], [ 127.947198377205893, 34.983609634395258 ], [ 127.952709093615809, 34.97561141201777 ], [ 127.941191506152052, 34.979115323194691 ], [ 127.931621363656404, 34.992143684683192 ], [ 127.940715599484918, 35.00418815987301 ], [ 127.922726412529968, 35.014200054193324 ], [ 127.914471921521809, 34.992580888271469 ], [ 127.923506655402278, 34.989200561401461 ], [ 127.907551789161715, 34.983027164908385 ], [ 127.897392058742, 34.956515958652432 ], [ 127.847806686266878, 34.946922398963139 ], [ 127.840761444671713, 34.96288031851396 ], [ 127.8378304748597, 34.949399073391234 ], [ 127.815402222857799, 34.948948580352344 ], [ 127.818903948282255, 34.942209855404975 ], [ 127.802854174513655, 34.934878285607738 ], [ 127.805676473278126, 34.924444000882794 ], [ 127.805568955876424, 34.924135725961996 ], [ 127.800062976904627, 34.92305054631457 ], [ 127.80326887176119, 34.932184985733237 ], [ 127.759391849298993, 34.966776388391743 ], [ 127.786767606359859, 35.010926101711384 ], [ 127.768070335980099, 35.050399952171418 ], [ 127.71612093872605, 35.083471250690991 ], [ 127.695333700526803, 35.105384575612753 ], [ 127.688683865370791, 35.135171120811513 ], [ 127.622624410819625, 35.184944580659881 ], [ 127.615250433519876, 35.250390034032094 ], [ 127.576996945623904, 35.296960200024436 ], [ 127.577481012155786, 35.308901047301546 ], [ 127.6207376290578, 35.332562725370465 ], [ 127.610197377636538, 35.365918118255721 ], [ 127.660473798944963, 35.414433753475812 ], [ 127.674069338104772, 35.445720022541963 ], [ 127.636688091017717, 35.459352017032721 ], [ 127.636608513688813, 35.478208399437619 ], [ 127.65310684051795, 35.486868703152332 ], [ 127.628693619648402, 35.535984819248156 ], [ 127.584861176532655, 35.553905551836088 ], [ 127.611193532236626, 35.583892548555895 ], [ 127.61301734954489, 35.608248075955203 ], [ 127.635335259995458, 35.618483955390261 ], [ 127.620098225446597, 35.646138801749963 ], [ 127.660956343590399, 35.70990593349083 ], [ 127.6658788622304, 35.768904258046412 ], [ 127.718908268774683, 35.796854579132706 ], [ 127.744452896672399, 35.844421725614453 ], [ 127.768849853497983, 35.838313136176566 ], [ 127.841751474227863, 35.866247035348614 ], [ 127.859540235179239, 35.906490588122018 ], [ 127.885058774113631, 35.909605638925861 ], [ 127.893520744750148, 35.886798528740492 ], [ 127.92022246507635, 35.893218885978342 ], [ 127.933081626159364, 35.864004868937407 ], [ 127.925782793425498, 35.855622736193574 ], [ 127.981749091581392, 35.858735241913536 ], [ 128.011215541740768, 35.829078867316582 ], [ 128.069785790146852, 35.841201899584334 ], [ 128.123055981786877, 35.822432663245635 ], [ 128.12885872909618, 35.789399962729831 ], [ 128.159035141397538, 35.78367170443461 ], [ 128.201968361057936, 35.719174467929015 ], [ 128.204818497134795, 35.6839232063381 ], [ 128.163675803497028, 35.672974667745748 ], [ 128.161498262417552, 35.653787361055294 ], [ 128.1852370336955, 35.657672566393352 ], [ 128.229731650981222, 35.639459295213754 ], [ 128.243508761430547, 35.655454066547719 ], [ 128.262343809653288, 35.642736938803537 ], [ 128.298065232552915, 35.656226820355471 ], [ 128.349168061568434, 35.646445691965354 ], [ 128.36463416627268, 35.613356965255498 ], [ 128.382398923691113, 35.60653989893914 ], [ 128.446476018173882, 35.638413610095569 ], [ 128.505710267768819, 35.63927220557013 ], [ 128.507551189128804, 35.672857714877658 ], [ 128.529981182152767, 35.683005894534467 ], [ 128.536625659389131, 35.624261428383171 ], [ 128.584752578101501, 35.586464754427844 ], [ 128.687603665032469, 35.595025128457493 ], [ 128.703308409032758, 35.578010111942369 ], [ 128.758135543136348, 35.567493371315152 ], [ 128.78773290513459, 35.56749680254822 ], [ 128.801655671065788, 35.588600868692687 ], [ 128.826294691101992, 35.596775294703725 ], [ 128.844733219995106, 35.589624030193519 ], [ 128.881460701692447, 35.635477865119732 ], [ 128.941145156873063, 35.635073437945714 ], [ 128.98264227144054, 35.608705172221711 ], [ 129.00273979182623, 35.620258455801093 ], [ 129.023018418148922, 35.613439429623931 ], [ 129.018895435210993, 35.583819933709869 ], [ 128.971190348552909, 35.560299984706276 ], [ 128.998348932342253, 35.541720700850618 ], [ 128.99458594543259, 35.528130796215926 ], [ 129.055823212359741, 35.532267528480652 ], [ 129.052630368049051, 35.514472461374524 ], [ 129.10526757396363, 35.496465131659676 ], [ 129.140466103269063, 35.447629132988098 ], [ 129.167608932505061, 35.431798356244812 ], [ 129.196977919435341, 35.438888441893901 ], [ 129.218175404486459, 35.411529473410219 ], [ 129.193594795263749, 35.382088580575427 ], [ 129.198762468093207, 35.366496417888968 ], [ 129.178186708840911, 35.35177354519719 ], [ 129.11817629158179, 35.369034610056609 ], [ 129.134587290199391, 35.351450825138201 ], [ 129.110576944331171, 35.306705955809889 ], [ 129.058361908977702, 35.294835534048794 ], [ 129.047498526634513, 35.274213578120545 ], [ 129.013484330974507, 35.273758612416806 ], [ 128.994292023575127, 35.234041337967078 ], [ 128.878987631053661, 35.209994551079795 ], [ 128.870354811908811, 35.201558716414119 ], [ 128.881680890530077, 35.182203560232864 ], [ 128.876307795783561, 35.151683590764478 ], [ 128.867386366296188, 35.167714865704738 ], [ 128.79451966517118, 35.158537933875813 ], [ 128.842962201651488, 35.113158358486231 ], [ 128.811514884771441, 35.077584863195518 ], [ 128.784686095190295, 35.077724258322235 ], [ 128.802592595164441, 35.098340867548856 ], [ 128.788301822015143, 35.098372983807245 ], [ 128.78873267703591, 35.113429100173711 ], [ 128.772282122794053, 35.09895196605072 ], [ 128.762951882941394, 35.105160640934976 ], [ 128.765583311793762, 35.097589010474323 ], [ 128.784201042139244, 35.097506732538072 ], [ 128.763764318949114, 35.059829165980005 ], [ 128.763596363832278, 35.077514181116335 ], [ 128.735710956165349, 35.088754974212385 ], [ 128.743651446649864, 35.099866705089887 ], [ 128.728992241067971, 35.08996632843126 ], [ 128.713456063286571, 35.106829646939815 ], [ 128.694552071787967, 35.097455661999604 ], [ 128.690930355744626, 35.147640593856259 ], [ 128.670836902175751, 35.142484315096013 ], [ 128.677759054119008, 35.126280357155785 ], [ 128.666266775859356, 35.11850076266176 ], [ 128.658908421391942, 35.136945602224266 ], [ 128.644455781333164, 35.13561771134043 ], [ 128.647167561625281, 35.150502709438797 ], [ 128.626168546046756, 35.14836247792244 ], [ 128.618753616543387, 35.135871898413491 ], [ 128.628710315217262, 35.132558729715193 ], [ 128.607087443742273, 35.137690574071897 ], [ 128.610698354636725, 35.162303586192323 ], [ 128.59314091680497, 35.17352185644247 ], [ 128.589328615749196, 35.199404670159062 ], [ 128.624393801554589, 35.212555992468189 ], [ 128.632233434777248, 35.219808928404007 ], [ 128.586477426011754, 35.210680066628846 ], [ 128.564490656430763, 35.186739572427832 ], [ 128.597445126949594, 35.142274434666319 ], [ 128.572163535239554, 35.13263923191424 ], [ 128.600062748768607, 35.132080233411266 ], [ 128.58590229582245, 35.120244409514939 ], [ 128.599450411837154, 35.119181482557821 ], [ 128.602535532966016, 35.101923048752447 ], [ 128.627961818224321, 35.083172305191688 ], [ 128.602728366034796, 35.074748625868182 ], [ 128.634921266125588, 35.068824602786734 ], [ 128.573620120032757, 35.053769612197271 ], [ 128.596871497840908, 35.069675481262315 ], [ 128.562467637515255, 35.067335419342292 ], [ 128.564165860830542, 35.082396128608849 ], [ 128.583159515759263, 35.091287981894155 ], [ 128.546415565886036, 35.092989924709585 ], [ 128.537717606070856, 35.120695264795771 ], [ 128.517835981436434, 35.097972834594636 ], [ 128.451420193818535, 35.104272367408591 ], [ 128.461077703851259, 35.08964614618116 ] ] ] ] } },
{ "type": "Feature", "properties": { "sido": "제주", "code": "39", "name_eng": "Jeju-do" }, "geometry": { "type": "MultiPolygon", "coordinates": [ [ [ [ 126.267797922273246, 33.112355760322252 ], [ 126.269484712897139, 33.123290714009201 ], [ 126.270403137096736, 33.116544906052361 ], [ 126.267797922273246, 33.112355760322252 ] ] ], [ [ [ 126.222849408577119, 33.411581146392777 ], [ 126.230791798277679, 33.405959907867491 ], [ 126.222542967842983, 33.405900513305788 ], [ 126.222849408577119, 33.411581146392777 ] ] ], [ [ [ 126.224003486940617, 33.421166318587225 ], [ 126.22630693936587, 33.419895743371093 ], [ 126.223841444149386, 33.41453073176524 ], [ 126.222180070961997, 33.417944808553912 ], [ 126.224003486940617, 33.421166318587225 ] ] ], [ [ [ 126.901751507441332, 33.515265899736477 ], [ 126.902549079976822, 33.515547574528654 ], [ 126.902028584569237, 33.515137474711274 ], [ 126.901751507441332, 33.515265899736477 ] ] ], [ [ [ 126.729878920937509, 33.560745062672254 ], [ 126.729873602183787, 33.560763870686763 ], [ 126.729863533656129, 33.560863836658804 ], [ 126.729878920937509, 33.560745062672254 ] ] ], [ [ [ 126.901751507441332, 33.515265899736477 ], [ 126.913397164334881, 33.503232736245941 ], [ 126.902020595708038, 33.481668887147535 ], [ 126.924829071139115, 33.472038385755432 ], [ 126.923259421786369, 33.455538506361769 ], [ 126.935525481679264, 33.478462235547134 ], [ 126.945347691347749, 33.459597996999129 ], [ 126.922436000330094, 33.44888823154637 ], [ 126.936501758938363, 33.429166531511243 ], [ 126.929379096575559, 33.422589459426653 ], [ 126.9161080536215, 33.433941084531263 ], [ 126.906465964477363, 33.391497499123311 ], [ 126.87132225868676, 33.372192703151256 ], [ 126.835763546419429, 33.308889093154214 ], [ 126.777813357647659, 33.306752427973414 ], [ 126.742778309363061, 33.277688375817682 ], [ 126.6581921843012, 33.273878214868304 ], [ 126.599887716302902, 33.234492735490619 ], [ 126.577826959359044, 33.244836706147787 ], [ 126.568816924339515, 33.242998576744476 ], [ 126.571161366133879, 33.235903324924443 ], [ 126.56751601470377, 33.23265858635628 ], [ 126.560972992015834, 33.242979503393791 ], [ 126.564247567344452, 33.234731131314042 ], [ 126.520913201841267, 33.240920242564229 ], [ 126.4754704504399, 33.223111990049865 ], [ 126.457064188517904, 33.241170500714276 ], [ 126.408579937166778, 33.244552399443542 ], [ 126.366676218115458, 33.228923320628475 ], [ 126.327753349773388, 33.231757677579267 ], [ 126.327733510342895, 33.24079377524945 ], [ 126.297939080269288, 33.22265475667156 ], [ 126.294631168262555, 33.196775985420693 ], [ 126.272150082733418, 33.194066746831851 ], [ 126.23362426680761, 33.234871800472774 ], [ 126.182260535915972, 33.259748724990587 ], [ 126.160873733600511, 33.290795228441247 ], [ 126.168692735093245, 33.345392614400048 ], [ 126.25013438779466, 33.401004295751832 ], [ 126.263104879447056, 33.436837741829116 ], [ 126.299633971574707, 33.447162803948416 ], [ 126.312813605509078, 33.469783847651115 ], [ 126.451564165196146, 33.49731134010073 ], [ 126.494182681386349, 33.52091251027754 ], [ 126.634505090214532, 33.536042426661808 ], [ 126.644650239013117, 33.555632679539606 ], [ 126.667104543410872, 33.542826210332862 ], [ 126.765432045708721, 33.565973545254934 ], [ 126.827571972425758, 33.559403149674345 ], [ 126.840750910499636, 33.533637385640411 ], [ 126.892808742846611, 33.526887670187598 ], [ 126.901751507441332, 33.515265899736477 ] ] ] ] } }
]
}
